"DESCRIPTION","DURATION IN MS","NAME","PARENT SUITE","START TIME","STATUS","STOP TIME","SUB SUITE","SUITE","TEST CLASS","TEST METHOD"
"","0","setOpponentNickname で値が更新されること","ユニットテスト","Mon Feb 16 06:05:29 UTC 2026","passed","Mon Feb 16 06:05:29 UTC 2026","","Client","",""
"","5","T, S, Z, J, L use 3x3 matrices","ユニットテスト","Mon Feb 16 06:05:30 UTC 2026","passed","Mon Feb 16 06:05:30 UTC 2026","","Client","",""
"","2079","G-4: 作成者退出でリストから消える","chromium","Mon Feb 16 06:12:15 UTC 2026","passed","Mon Feb 16 06:12:18 UTC 2026","待機中ルームリスト","waiting-room-list.spec.ts","",""
"","5854","Result画面にスコア値が表示されること","chromium","Mon Feb 16 06:10:12 UTC 2026","passed","Mon Feb 16 06:10:18 UTC 2026","リマッチフロー完全検証","rematch-full.spec.ts","",""
"","8","セッション開始でシードが返ること","ユニットテスト","Mon Feb 16 06:05:33 UTC 2026","passed","Mon Feb 16 06:05:33 UTC 2026","","Server","",""
"","1","SEO: 100%","Lighthouse","Mon Feb 16 06:07:13 UTC 2026","passed","Mon Feb 16 06:07:13 UTC 2026","","Scores","",""
"","0","joinRoom で参加した player の逆引きが登録されること","ユニットテスト","Mon Feb 16 06:05:34 UTC 2026","passed","Mon Feb 16 06:05:34 UTC 2026","","Server","",""
"","1","SonarCloud: 1 finding(s)","Security Dashboard","Mon Feb 16 06:16:11 UTC 2026","failed","Mon Feb 16 06:16:11 UTC 2026","","Tool Status","",""
"","0","size がルーム数を返すこと","ユニットテスト","Mon Feb 16 06:05:34 UTC 2026","passed","Mon Feb 16 06:05:34 UTC 2026","","Server","",""
"","71","再戦ボタンで opponentRematchRequested が false にリセットされること","ユニットテスト","Mon Feb 16 06:05:30 UTC 2026","passed","Mon Feb 16 06:05:30 UTC 2026","","Client","",""
"","0","requestRematch で rematchRequestedBy に connectionId が追加されること","ユニットテスト","Mon Feb 16 06:05:33 UTC 2026","passed","Mon Feb 16 06:05:33 UTC 2026","","Server","",""
"","0","禁止ワードの大文字小文字区別なし","ユニットテスト","Mon Feb 16 06:05:34 UTC 2026","passed","Mon Feb 16 06:05:34 UTC 2026","","Server","",""
"","1","4 rotations return to original shape","ユニットテスト","Mon Feb 16 06:05:30 UTC 2026","passed","Mon Feb 16 06:05:30 UTC 2026","","Client","",""
"","0","setResult で loser が Map の2番目のキーの場合に正しく winner が設定されること","ユニットテスト","Mon Feb 16 06:05:33 UTC 2026","passed","Mon Feb 16 06:05:33 UTC 2026","","Server","",""
"","0","clears 4 lines (Tetris)","ユニットテスト","Mon Feb 16 06:05:26 UTC 2026","passed","Mon Feb 16 06:05:26 UTC 2026","","Client","",""
"","0","rejects placement outside right wall","ユニットテスト","Mon Feb 16 06:05:26 UTC 2026","passed","Mon Feb 16 06:05:26 UTC 2026","","Client","",""
"","0","2バッグ目 (8-14回目) でも全7種類が揃うこと","ユニットテスト","Mon Feb 16 06:05:28 UTC 2026","passed","Mon Feb 16 06:05:28 UTC 2026","","Client","",""
"","0","ルームに参加していない場合に Error が返ること","ユニットテスト","Mon Feb 16 06:05:34 UTC 2026","passed","Mon Feb 16 06:05:34 UTC 2026","","Server","",""
"","0","level up requires 10 lines","ユニットテスト","Mon Feb 16 06:05:22 UTC 2026","passed","Mon Feb 16 06:05:22 UTC 2026","","Shared","",""
"","1","全テトリミノタイプ (1-7) でそれぞれ描画されること","ユニットテスト","Mon Feb 16 06:05:25 UTC 2026","passed","Mon Feb 16 06:05:25 UTC 2026","","Client","",""
"","0","field sync interval is 50ms","ユニットテスト","Mon Feb 16 06:05:22 UTC 2026","passed","Mon Feb 16 06:05:22 UTC 2026","","Shared","",""
"","0","drops upper rows after clearing","ユニットテスト","Mon Feb 16 06:05:26 UTC 2026","passed","Mon Feb 16 06:05:26 UTC 2026","","Client","",""
"","2","対戦相手が見つからない場合にガーベジが送信されないこと","ユニットテスト","Mon Feb 16 06:05:33 UTC 2026","passed","Mon Feb 16 06:05:33 UTC 2026","","Server","",""
"","4","生成されたシードが数値であること","ユニットテスト","Mon Feb 16 06:05:34 UTC 2026","passed","Mon Feb 16 06:05:34 UTC 2026","","Server","",""
"","1187","両者Readyでカウントダウンが開始されること","chromium","Mon Feb 16 06:09:14 UTC 2026","passed","Mon Feb 16 06:09:15 UTC 2026","ルーム作成→参加→Readyフロー","lobby.spec.ts","",""
"","1","行が undefined の場合にスキップされること (defensive)","ユニットテスト","Mon Feb 16 06:05:25 UTC 2026","passed","Mon Feb 16 06:05:25 UTC 2026","","Client","",""
"","0","ルームに参加していない場合は何もしないこと","ユニットテスト","Mon Feb 16 06:05:34 UTC 2026","passed","Mon Feb 16 06:05:34 UTC 2026","","Server","",""
"","6041","BL-1: ランダムマッチ → ロビー → Ready → 対戦 → ゲームオーバー → 結果表示","E2Eテスト","Mon Feb 16 06:13:41 UTC 2026","passed","Mon Feb 16 06:13:47 UTC 2026","ランダムマッチ ライフサイクル","random-match-lifecycle.spec.ts","",""
"","0","Playing 状態のルームから退出するとセッションも終了すること","ユニットテスト","Mon Feb 16 06:05:34 UTC 2026","passed","Mon Feb 16 06:05:34 UTC 2026","","Server","",""
"","2170","A-5: ルーム参加後に退出して別ルームへ参加","chromium","Mon Feb 16 06:11:40 UTC 2026","passed","Mon Feb 16 06:11:42 UTC 2026","ルーム競合・同時操作","room-concurrency.spec.ts","",""
"","0","setNickname で値が更新されること","ユニットテスト","Mon Feb 16 06:05:29 UTC 2026","passed","Mon Feb 16 06:05:29 UTC 2026","","Client","",""
"","0","has gameover and disconnect reasons","ユニットテスト","Mon Feb 16 06:05:22 UTC 2026","passed","Mon Feb 16 06:05:22 UTC 2026","","Shared","",""
"","1","ハードドロップ時に onFieldUpdate が呼ばれること","ユニットテスト","Mon Feb 16 06:05:24 UTC 2026","passed","Mon Feb 16 06:05:24 UTC 2026","","Client","",""
"","80","Copy 後に ""Copied!"" テキストが一時的に表示されること","ユニットテスト","Mon Feb 16 06:05:28 UTC 2026","passed","Mon Feb 16 06:05:28 UTC 2026","","Client","",""
"","0","areBothReady が正しく判定されること","ユニットテスト","Mon Feb 16 06:05:33 UTC 2026","passed","Mon Feb 16 06:05:33 UTC 2026","","Server","",""
"","0","ハードドロップでスコアが距離x2で加算されること","ユニットテスト","Mon Feb 16 06:05:24 UTC 2026","passed","Mon Feb 16 06:05:24 UTC 2026","","Client","",""
"","9","engine の onFieldUpdate コールバックでストアとSignalRが更新されること","ユニットテスト","Mon Feb 16 06:05:26 UTC 2026","passed","Mon Feb 16 06:05:26 UTC 2026","","Client","",""
"","7196","F-4: リマッチ拒否後にルーム作成で別の相手と対戦","chromium","Mon Feb 16 06:11:06 UTC 2026","passed","Mon Feb 16 06:11:13 UTC 2026","リマッチバリエーション","rematch-variations.spec.ts","",""
"","0","不正な状態遷移が拒否されること (Finished → Playing)","ユニットテスト","Mon Feb 16 06:05:33 UTC 2026","passed","Mon Feb 16 06:05:33 UTC 2026","","Server","",""
"","1","deduplicates when two keys map to the same action","ユニットテスト","Mon Feb 16 06:05:24 UTC 2026","passed","Mon Feb 16 06:05:24 UTC 2026","","Client","",""
"","0","片方のみ Ready では BothReady が送られないこと","ユニットテスト","Mon Feb 16 06:05:34 UTC 2026","passed","Mon Feb 16 06:05:34 UTC 2026","","Server","",""
"","0","updateStats で複数の値が同時に更新されること","ユニットテスト","Mon Feb 16 06:05:29 UTC 2026","passed","Mon Feb 16 06:05:29 UTC 2026","","Client","",""
"","0","Waiting → Ready への遷移が正しいこと","ユニットテスト","Mon Feb 16 06:05:33 UTC 2026","passed","Mon Feb 16 06:05:33 UTC 2026","","Server","",""
"","0","lockPiece: current が null のとき早期リターンすること","ユニットテスト","Mon Feb 16 06:05:24 UTC 2026","passed","Mon Feb 16 06:05:24 UTC 2026","","Client","",""
"","1","[FAIL] Reduce unused JavaScript","Lighthouse","Mon Feb 16 06:07:13 UTC 2026","failed","Mon Feb 16 06:07:13 UTC 2026","","Failed Audits","",""
"","0","areBothRematchRequested で両方の場合 true を返すこと","ユニットテスト","Mon Feb 16 06:05:33 UTC 2026","passed","Mon Feb 16 06:05:33 UTC 2026","","Server","",""
"","1","sendRequestRematch がペイロードなしで送信すること","ユニットテスト","Mon Feb 16 06:05:24 UTC 2026","passed","Mon Feb 16 06:05:24 UTC 2026","","Client","",""
"","1","タイムアウト時にセッションが削除済みの場合は何もしないこと","ユニットテスト","Mon Feb 16 06:05:33 UTC 2026","passed","Mon Feb 16 06:05:33 UTC 2026","","Server","",""
"","1","Lighthouse Audit: All categories passed","Lighthouse","Mon Feb 16 06:07:13 UTC 2026","passed","Mon Feb 16 06:07:13 UTC 2026","","Summary","",""
"","5","Disconnect による敗北でも LOSE が表示されること","ユニットテスト","Mon Feb 16 06:05:30 UTC 2026","passed","Mon Feb 16 06:05:30 UTC 2026","","Client","",""
"","1","pressing ""a"" returns moveLeft","ユニットテスト","Mon Feb 16 06:05:24 UTC 2026","passed","Mon Feb 16 06:05:24 UTC 2026","","Client","",""
"","0","clearPendingGarbage でおじゃまがクリアされること","ユニットテスト","Mon Feb 16 06:05:29 UTC 2026","passed","Mon Feb 16 06:05:29 UTC 2026","","Client","",""
"","7","onReceiveGarbage ハンドラで pendingGarbage が増加すること","ユニットテスト","Mon Feb 16 06:05:26 UTC 2026","passed","Mon Feb 16 06:05:26 UTC 2026","","Client","",""
"","1","Medium Risk: 0","OWASP ZAP","Mon Feb 16 06:07:16 UTC 2026","passed","Mon Feb 16 06:07:16 UTC 2026","","By Risk Level","",""
"","175","onError ハンドラでエラーメッセージが表示されること","ユニットテスト","Mon Feb 16 06:05:28 UTC 2026","passed","Mon Feb 16 06:05:28 UTC 2026","","Client","",""
"","6405","F-3: 片方リマッチ要求、片方トップへ戻る → リマッチ側もトップに遷移","chromium","Mon Feb 16 06:10:59 UTC 2026","passed","Mon Feb 16 06:11:06 UTC 2026","リマッチバリエーション","rematch-variations.spec.ts","",""
"","0","対戦相手がいないルームからの退出でも正常にルームが削除されること","ユニットテスト","Mon Feb 16 06:05:34 UTC 2026","passed","Mon Feb 16 06:05:34 UTC 2026","","Server","",""
"","0","CCW回転後にCW回転で元の回転状態に戻ること","ユニットテスト","Mon Feb 16 06:05:24 UTC 2026","passed","Mon Feb 16 06:05:24 UTC 2026","","Client","",""
"","14161","F-2: 連続2回リマッチ → 3戦目で状態が正しくリセットされる","chromium","Mon Feb 16 06:10:45 UTC 2026","passed","Mon Feb 16 06:10:59 UTC 2026","リマッチバリエーション","rematch-variations.spec.ts","",""
"","5958","BL-3: ランダムマッチ → 対戦 → 結果 → 両者リマッチ → ロビーに戻る","E2Eテスト","Mon Feb 16 06:13:53 UTC 2026","passed","Mon Feb 16 06:13:59 UTC 2026","ランダムマッチ ライフサイクル","random-match-lifecycle.spec.ts","",""
"","0","update() で自動落下が進むこと","ユニットテスト","Mon Feb 16 06:05:24 UTC 2026","passed","Mon Feb 16 06:05:24 UTC 2026","","Client","",""
"","0","同じシードでリセットすると同じシーケンスが再現されること","ユニットテスト","Mon Feb 16 06:05:28 UTC 2026","passed","Mon Feb 16 06:05:28 UTC 2026","","Client","",""
"","0","GameOver 状態で update() が何もしないこと","ユニットテスト","Mon Feb 16 06:05:24 UTC 2026","passed","Mon Feb 16 06:05:24 UTC 2026","","Client","",""
"","1","Low: 0","npm audit","Mon Feb 16 06:05:10 UTC 2026","passed","Mon Feb 16 06:05:10 UTC 2026","","By Severity","",""
"","1","正常な JoinRoom で OpponentJoined が両者に送られること","ユニットテスト","Mon Feb 16 06:05:34 UTC 2026","passed","Mon Feb 16 06:05:34 UTC 2026","","Server","",""
"","1","ルームが存在しない場合は何もしないこと","ユニットテスト","Mon Feb 16 06:05:33 UTC 2026","passed","Mon Feb 16 06:05:33 UTC 2026","","Server","",""
"","1099","カウントダウンが3から始まること","chromium","Mon Feb 16 06:07:27 UTC 2026","passed","Mon Feb 16 06:07:28 UTC 2026","カウントダウン詳細","countdown-flow.spec.ts","",""
"","3","ゲーム開始で状態が Playing になること","ユニットテスト","Mon Feb 16 06:05:24 UTC 2026","passed","Mon Feb 16 06:05:24 UTC 2026","","Client","",""
"","0","バッファ上部にはみ出したピースのロックで gr < 0 のセルがスキップされること","ユニットテスト","Mon Feb 16 06:05:26 UTC 2026","passed","Mon Feb 16 06:05:26 UTC 2026","","Client","",""
"","0","4ライン消去 → 4おじゃま","ユニットテスト","Mon Feb 16 06:05:34 UTC 2026","passed","Mon Feb 16 06:05:34 UTC 2026","","Server","",""
"","177","ランダムマッチの onError でエラーが表示されること","ユニットテスト","Mon Feb 16 06:05:28 UTC 2026","passed","Mon Feb 16 06:05:28 UTC 2026","","Client","",""
"","1","Performance: 73%","Lighthouse","Mon Feb 16 06:07:13 UTC 2026","passed","Mon Feb 16 06:07:13 UTC 2026","","Scores","",""
"","0","16文字がちょうど許可されること","ユニットテスト","Mon Feb 16 06:05:34 UTC 2026","passed","Mon Feb 16 06:05:34 UTC 2026","","Server","",""
"","1","GameOver で GameResult が両者に送られること","ユニットテスト","Mon Feb 16 06:05:34 UTC 2026","passed","Mon Feb 16 06:05:34 UTC 2026","","Server","",""
"","0","addPendingGarbage でおじゃまが累積されること","ユニットテスト","Mon Feb 16 06:05:29 UTC 2026","passed","Mon Feb 16 06:05:29 UTC 2026","","Client","",""
"","16781","B-2: 3人がランダムマッチ → 2人がマッチ、1人が待機","E2Eテスト","Mon Feb 16 06:13:00 UTC 2026","passed","Mon Feb 16 06:13:17 UTC 2026","ランダムマッチ複数人","random-match-multi.spec.ts","",""
"","1","""Shift"" (hold) fires only once per press","ユニットテスト","Mon Feb 16 06:05:24 UTC 2026","passed","Mon Feb 16 06:05:24 UTC 2026","","Client","",""
"","0","不正な状態遷移が拒否されること (Playing → Playing)","ユニットテスト","Mon Feb 16 06:05:33 UTC 2026","passed","Mon Feb 16 06:05:33 UTC 2026","","Server","",""
"","1","キューが空の場合 flush() が 0 を返し、せり上げが発生しないこと","ユニットテスト","Mon Feb 16 06:05:31 UTC 2026","passed","Mon Feb 16 06:05:31 UTC 2026","","Client","",""
"","1","Finished 状態のルームでの切断で OpponentDisconnected(timeout=0) が送られること","ユニットテスト","Mon Feb 16 06:05:34 UTC 2026","passed","Mon Feb 16 06:05:34 UTC 2026","","Server","",""
"","7289","BE-2: ランダムマッチ → 対戦 → 結果 → トップ → すぐにランダムマッチ → 別の相手とマッチ","E2Eテスト","Mon Feb 16 06:15:04 UTC 2026","passed","Mon Feb 16 06:15:11 UTC 2026","ランダムマッチ エッジケース","random-match-edge.spec.ts","",""
"","1","スロットル中に2回目の送信でpendingが上書きされること","ユニットテスト","Mon Feb 16 06:05:24 UTC 2026","passed","Mon Feb 16 06:05:24 UTC 2026","","Client","",""
"","1","OWASP ZAP: Clean","Security Dashboard","Mon Feb 16 06:16:11 UTC 2026","passed","Mon Feb 16 06:16:11 UTC 2026","","Tool Status","",""
"","0","勝敗が正しく設定されること (conn-2 が切断で敗北)","ユニットテスト","Mon Feb 16 06:05:33 UTC 2026","passed","Mon Feb 16 06:05:33 UTC 2026","","Server","",""
"","0","disconnect timeout is 30 seconds","ユニットテスト","Mon Feb 16 06:05:22 UTC 2026","passed","Mon Feb 16 06:05:22 UTC 2026","","Shared","",""
"","0","壁際でCCWウォールキックが発動すること","ユニットテスト","Mon Feb 16 06:05:24 UTC 2026","passed","Mon Feb 16 06:05:24 UTC 2026","","Client","",""
"","12","ヘルスチェックがOKを返すこと","chromium","Mon Feb 16 06:12:02 UTC 2026","passed","Mon Feb 16 06:12:02 UTC 2026","","smoke.spec.ts","",""
"","0","does not receive events after detach","ユニットテスト","Mon Feb 16 06:05:24 UTC 2026","passed","Mon Feb 16 06:05:24 UTC 2026","","Client","",""
"","0","defines unique numeric error codes","ユニットテスト","Mon Feb 16 06:05:22 UTC 2026","passed","Mon Feb 16 06:05:22 UTC 2026","","Shared","",""
"","0","DAS and ARR are positive","ユニットテスト","Mon Feb 16 06:05:22 UTC 2026","passed","Mon Feb 16 06:05:22 UTC 2026","","Shared","",""
"","1","最初の送信は即時に行われること","ユニットテスト","Mon Feb 16 06:05:24 UTC 2026","passed","Mon Feb 16 06:05:24 UTC 2026","","Client","",""
"","1","同じシードのインスタンス2つが同じピース順序を生成すること","ユニットテスト","Mon Feb 16 06:05:28 UTC 2026","passed","Mon Feb 16 06:05:28 UTC 2026","","Client","",""
"","0","pressing ""x"" returns rotateCW","ユニットテスト","Mon Feb 16 06:05:24 UTC 2026","passed","Mon Feb 16 06:05:24 UTC 2026","","Client","",""
"","1","connection が null の場合に setupEventListeners が早期リターンすること","ユニットテスト","Mon Feb 16 06:05:24 UTC 2026","passed","Mon Feb 16 06:05:24 UTC 2026","","Client","",""
"","1","fires once immediately on initial press, then no repeat before DAS_MS","ユニットテスト","Mon Feb 16 06:05:24 UTC 2026","passed","Mon Feb 16 06:05:24 UTC 2026","","Client","",""
"","1055","BE-4: ランダムマッチ → ロビーで両者の roomId が一致すること","E2Eテスト","Mon Feb 16 06:15:12 UTC 2026","passed","Mon Feb 16 06:15:13 UTC 2026","ランダムマッチ エッジケース","random-match-edge.spec.ts","",""
"","0","レベルアップが消去ライン数に基づくこと","ユニットテスト","Mon Feb 16 06:05:24 UTC 2026","passed","Mon Feb 16 06:05:24 UTC 2026","","Client","",""
"","625","ニックネーム入力UIが動作すること","chromium","Mon Feb 16 06:09:59 UTC 2026","passed","Mon Feb 16 06:09:59 UTC 2026","本番スモークテスト","production-smoke.spec.ts","",""
"","1","defines a color for each type","ユニットテスト","Mon Feb 16 06:05:30 UTC 2026","passed","Mon Feb 16 06:05:30 UTC 2026","","Client","",""
"","1","コールバックが未設定の場合でもエラーにならないこと","ユニットテスト","Mon Feb 16 06:05:33 UTC 2026","passed","Mon Feb 16 06:05:33 UTC 2026","","Server","",""
"","1","CodeQL: Not run","Security Dashboard","Mon Feb 16 06:16:11 UTC 2026","broken","Mon Feb 16 06:16:11 UTC 2026","","Tool Status","",""
"","4285","A-6: 同じニックネームの2人が同じルームに参加 → 正常動作","chromium","Mon Feb 16 06:11:42 UTC 2026","passed","Mon Feb 16 06:11:46 UTC 2026","ルーム競合・同時操作","room-concurrency.spec.ts","",""
"","1","ignores unmapped keys","ユニットテスト","Mon Feb 16 06:05:24 UTC 2026","passed","Mon Feb 16 06:05:24 UTC 2026","","Client","",""
"","1","value -1 (負の値) でもエラーにならないこと","ユニットテスト","Mon Feb 16 06:05:25 UTC 2026","passed","Mon Feb 16 06:05:25 UTC 2026","","Client","",""
"","4246","相手のLevel表示が確認できること","chromium","Mon Feb 16 06:09:46 UTC 2026","passed","Mon Feb 16 06:09:50 UTC 2026","対戦相手スコア同期","opponent-sync.spec.ts","",""
"","0","player1 が null の場合に join で player1 スロットに入ること","ユニットテスト","Mon Feb 16 06:05:33 UTC 2026","passed","Mon Feb 16 06:05:33 UTC 2026","","Server","",""
"","1","GameStart イベントでハンドラが呼ばれること","ユニットテスト","Mon Feb 16 06:05:24 UTC 2026","passed","Mon Feb 16 06:05:24 UTC 2026","","Client","",""
"","0","returns correct value for valid levels","ユニットテスト","Mon Feb 16 06:05:22 UTC 2026","passed","Mon Feb 16 06:05:22 UTC 2026","","Shared","",""
"","0","禁止ワードを含むニックネームが拒否されること","ユニットテスト","Mon Feb 16 06:05:34 UTC 2026","passed","Mon Feb 16 06:05:34 UTC 2026","","Server","",""
"","1","applies to MoveRight as well","ユニットテスト","Mon Feb 16 06:05:24 UTC 2026","passed","Mon Feb 16 06:05:24 UTC 2026","","Client","",""
"","8574","D-3: 両者同時切断 → サーバーがルームをクリーンアップ","chromium","Mon Feb 16 06:07:54 UTC 2026","passed","Mon Feb 16 06:08:03 UTC 2026","切断バリエーション","disconnect-variations.spec.ts","",""
"","0","resetForRematch で seed が null になること","ユニットテスト","Mon Feb 16 06:05:33 UTC 2026","passed","Mon Feb 16 06:05:33 UTC 2026","","Server","",""
"","1","接地後すぐにはロックされないこと","ユニットテスト","Mon Feb 16 06:05:24 UTC 2026","passed","Mon Feb 16 06:05:24 UTC 2026","","Client","",""
"","0","pressing ""d"" returns moveRight","ユニットテスト","Mon Feb 16 06:05:24 UTC 2026","passed","Mon Feb 16 06:05:24 UTC 2026","","Client","",""
"","0","ゲームオーバー後に getGhostRow が null を返すこと","ユニットテスト","Mon Feb 16 06:05:24 UTC 2026","passed","Mon Feb 16 06:05:24 UTC 2026","","Client","",""
"","4","has exactly 7 types","ユニットテスト","Mon Feb 16 06:05:22 UTC 2026","passed","Mon Feb 16 06:05:22 UTC 2026","","Shared","",""
"","0","setSeed で値が更新されること","ユニットテスト","Mon Feb 16 06:05:29 UTC 2026","passed","Mon Feb 16 06:05:29 UTC 2026","","Client","",""
"","0","resetForRematch で両プレイヤーの isReady が false になること","ユニットテスト","Mon Feb 16 06:05:33 UTC 2026","passed","Mon Feb 16 06:05:33 UTC 2026","","Server","",""
"","1","ホールドピースが描画されること","ユニットテスト","Mon Feb 16 06:05:25 UTC 2026","passed","Mon Feb 16 06:05:25 UTC 2026","","Client","",""
"","1","[LOW] Insufficient Site Isolation Against Spectre Vulnerability","OWASP ZAP","Mon Feb 16 06:07:16 UTC 2026","passed","Mon Feb 16 06:07:16 UTC 2026","","Alerts","",""
"","1937","G-5: 待機ルームがなければリスト非表示","chromium","Mon Feb 16 06:12:18 UTC 2026","passed","Mon Feb 16 06:12:20 UTC 2026","待機中ルームリスト","waiting-room-list.spec.ts","",""
"","1","returns valid spawn position for all types","ユニットテスト","Mon Feb 16 06:05:30 UTC 2026","passed","Mon Feb 16 06:05:30 UTC 2026","","Client","",""
"","1","dasStartTime が未設定の場合に continue されること","ユニットテスト","Mon Feb 16 06:05:24 UTC 2026","passed","Mon Feb 16 06:05:24 UTC 2026","","Client","",""
"","1","プレイヤーが不足している場合にエラーが発生すること (player2 が null)","ユニットテスト","Mon Feb 16 06:05:33 UTC 2026","passed","Mon Feb 16 06:05:33 UTC 2026","","Server","",""
"","1","Dependency Audit: No vulnerabilities","npm audit","Mon Feb 16 06:05:10 UTC 2026","passed","Mon Feb 16 06:05:10 UTC 2026","","Summary","",""
"","7290","E-1: ルーム対戦後 → ランダムマッチで次の対戦","E2Eテスト","Mon Feb 16 06:15:14 UTC 2026","passed","Mon Feb 16 06:15:21 UTC 2026","ルーム↔ランダムマッチ横断","cross-match.spec.ts","",""
"","1","複数回呼び出しで異なる値が返ること","ユニットテスト","Mon Feb 16 06:05:34 UTC 2026","passed","Mon Feb 16 06:05:34 UTC 2026","","Server","",""
"","4246","カウントダウン終了で対戦画面へ遷移すること","chromium","Mon Feb 16 06:09:15 UTC 2026","passed","Mon Feb 16 06:09:19 UTC 2026","ルーム作成→参加→Readyフロー","lobby.spec.ts","",""
"","1","ルーム退出でルームが削除されること","ユニットテスト","Mon Feb 16 06:05:34 UTC 2026","passed","Mon Feb 16 06:05:34 UTC 2026","","Server","",""
"","1","Gitleaks: Not run","Security Dashboard","Mon Feb 16 06:16:11 UTC 2026","broken","Mon Feb 16 06:16:11 UTC 2026","","Tool Status","",""
"","0","receives events after re-attach","ユニットテスト","Mon Feb 16 06:05:24 UTC 2026","passed","Mon Feb 16 06:05:24 UTC 2026","","Client","",""
"","1","LinesCleared(4) で相手に4おじゃまが送られること","ユニットテスト","Mon Feb 16 06:05:33 UTC 2026","passed","Mon Feb 16 06:05:33 UTC 2026","","Server","",""
"","271","Ready ボタンクリックで PlayerReady が送信されること","ユニットテスト","Mon Feb 16 06:05:27 UTC 2026","passed","Mon Feb 16 06:05:28 UTC 2026","","Client","",""
"","5667","複数回ハードドロップでスコアが累積すること","E2Eテスト","Mon Feb 16 06:07:02 UTC 2026","passed","Mon Feb 16 06:07:07 UTC 2026","対戦 — 操作テスト","battle-controls.spec.ts","",""
"","1095","2人がランダムマッチでマッチングされること","E2Eテスト","Mon Feb 16 06:12:58 UTC 2026","passed","Mon Feb 16 06:12:59 UTC 2026","ランダムマッチ","random-match.spec.ts","",""
"","1","禁止ニックネームで Error が返ること","ユニットテスト","Mon Feb 16 06:05:34 UTC 2026","passed","Mon Feb 16 06:05:34 UTC 2026","","Server","",""
"","7","onGameResult ハンドラで結果が保存され /result にナビゲートされること","ユニットテスト","Mon Feb 16 06:05:26 UTC 2026","passed","Mon Feb 16 06:05:26 UTC 2026","","Client","",""
"","42","敗北時に「LOSE」が表示されること","ユニットテスト","Mon Feb 16 06:05:29 UTC 2026","passed","Mon Feb 16 06:05:29 UTC 2026","","Client","",""
"","809","退出ボタンでトップページに戻ること","chromium","Mon Feb 16 06:08:59 UTC 2026","passed","Mon Feb 16 06:09:00 UTC 2026","ロビーUI詳細","lobby-copy-leave.spec.ts","",""
"","1","スロットルタイマー発火時に pendingFieldUpdate が null の場合何もしないこと","ユニットテスト","Mon Feb 16 06:05:24 UTC 2026","passed","Mon Feb 16 06:05:24 UTC 2026","","Client","",""
"","1","repeats at ARR_MS intervals after DAS triggers","ユニットテスト","Mon Feb 16 06:05:24 UTC 2026","passed","Mon Feb 16 06:05:24 UTC 2026","","Client","",""
"","1","ハンドラ未設定のイベントでもクラッシュしないこと","ユニットテスト","Mon Feb 16 06:05:24 UTC 2026","passed","Mon Feb 16 06:05:24 UTC 2026","","Client","",""
"","1","セッションが存在しない場合は何もしないこと","ユニットテスト","Mon Feb 16 06:05:33 UTC 2026","passed","Mon Feb 16 06:05:33 UTC 2026","","Server","",""
"","0","update: current が null でも Playing 状態なら早期リターンすること","ユニットテスト","Mon Feb 16 06:05:24 UTC 2026","passed","Mon Feb 16 06:05:24 UTC 2026","","Client","",""
"","0","存在しないルームの削除が false を返すこと","ユニットテスト","Mon Feb 16 06:05:34 UTC 2026","passed","Mon Feb 16 06:05:34 UTC 2026","","Server","",""
"","0","回転時に onFieldUpdate が呼ばれること","ユニットテスト","Mon Feb 16 06:05:24 UTC 2026","passed","Mon Feb 16 06:05:24 UTC 2026","","Client","",""
"","5834","ゲームオーバーでResult画面に遷移すること","chromium","Mon Feb 16 06:08:35 UTC 2026","passed","Mon Feb 16 06:08:40 UTC 2026","ゲームオーバー — リザルト画面","game-over.spec.ts","",""
"","4","スコアが正しく表示されること","ユニットテスト","Mon Feb 16 06:05:29 UTC 2026","passed","Mon Feb 16 06:05:29 UTC 2026","","Client","",""
"","1","pressing ""ArrowDown"" returns softDrop","ユニットテスト","Mon Feb 16 06:05:24 UTC 2026","passed","Mon Feb 16 06:05:24 UTC 2026","","Client","",""
"","0","ゲームオーバー後に update が無視されること","ユニットテスト","Mon Feb 16 06:05:24 UTC 2026","passed","Mon Feb 16 06:05:24 UTC 2026","","Client","",""
"","0","負数の add は無視されること","ユニットテスト","Mon Feb 16 06:05:31 UTC 2026","passed","Mon Feb 16 06:05:31 UTC 2026","","Client","",""
"","5834","Result画面にリマッチボタンが両者に表示されること","chromium","Mon Feb 16 06:10:06 UTC 2026","passed","Mon Feb 16 06:10:12 UTC 2026","リマッチフロー完全検証","rematch-full.spec.ts","",""
"","146","ランダムマッチ接続失敗でエラーメッセージが表示されること","ユニットテスト","Mon Feb 16 06:05:29 UTC 2026","passed","Mon Feb 16 06:05:29 UTC 2026","","Client","",""
"","89","Copy ボタンでクリップボードに roomId がコピーされること","ユニットテスト","Mon Feb 16 06:05:28 UTC 2026","passed","Mon Feb 16 06:05:28 UTC 2026","","Client","",""
"","1","初期状態が正しいこと","ユニットテスト","Mon Feb 16 06:05:29 UTC 2026","passed","Mon Feb 16 06:05:29 UTC 2026","","Client","",""
"","35215","BD-2: ランダムマッチ → 対戦中に相手がブラウザを閉じる → WIN表示","E2Eテスト","Mon Feb 16 06:14:17 UTC 2026","passed","Mon Feb 16 06:14:52 UTC 2026","ランダムマッチ 切断テスト","random-match-disconnect.spec.ts","",""
"","6632","対戦後トップに戻りニックネーム入力が空であること","chromium","Mon Feb 16 06:08:28 UTC 2026","passed","Mon Feb 16 06:08:35 UTC 2026","完全ゲームサイクル","full-game-cycle.spec.ts","",""
"","6","BothReady で seed が useGameStore に保存されること","ユニットテスト","Mon Feb 16 06:05:28 UTC 2026","passed","Mon Feb 16 06:05:28 UTC 2026","","Client","",""
"","1","Lines of Code: 3,979","SonarCloud","Mon Feb 16 06:07:00 UTC 2026","passed","Mon Feb 16 06:07:00 UTC 2026","","Overview","",""
"","1","[FAIL] Eliminate render-blocking resources","Lighthouse","Mon Feb 16 06:07:13 UTC 2026","failed","Mon Feb 16 06:07:13 UTC 2026","","Failed Audits","",""
"","1","Code Smells: 19","SonarCloud","Mon Feb 16 06:06:59 UTC 2026","passed","Mon Feb 16 06:06:59 UTC 2026","","Maintainability","",""
"","1","ゴーストピースで save/restore が呼ばれること","ユニットテスト","Mon Feb 16 06:05:25 UTC 2026","passed","Mon Feb 16 06:05:25 UTC 2026","","Client","",""
"","1","対戦相手が見つからない場合に通知が送信されないこと","ユニットテスト","Mon Feb 16 06:05:33 UTC 2026","passed","Mon Feb 16 06:05:33 UTC 2026","","Server","",""
"","7","onOpponentRematch ハンドラで opponentRematchRequested が true になること","ユニットテスト","Mon Feb 16 06:05:30 UTC 2026","passed","Mon Feb 16 06:05:30 UTC 2026","","Client","",""
"","1","ルーム退出で相手に OpponentDisconnected(timeout=0) が送られること","ユニットテスト","Mon Feb 16 06:05:34 UTC 2026","passed","Mon Feb 16 06:05:34 UTC 2026","","Server","",""
"","0","reset() でキューがクリアされること","ユニットテスト","Mon Feb 16 06:05:31 UTC 2026","passed","Mon Feb 16 06:05:31 UTC 2026","","Client","",""
"","1","ignores keyup for unmapped keys","ユニットテスト","Mon Feb 16 06:05:24 UTC 2026","passed","Mon Feb 16 06:05:24 UTC 2026","","Client","",""
"","7","相手の再戦要求がない場合はテキストが表示されないこと","ユニットテスト","Mon Feb 16 06:05:30 UTC 2026","passed","Mon Feb 16 06:05:30 UTC 2026","","Client","",""
"","4277","ランダムマッチ→Ready→対戦画面の完全フロー","chromium","Mon Feb 16 06:09:00 UTC 2026","passed","Mon Feb 16 06:09:04 UTC 2026","ロビーUI詳細","lobby-copy-leave.spec.ts","",""
"","1137","ロビーで相手がブラウザを閉じると待機状態に戻ること","E2Eテスト","Mon Feb 16 06:12:56 UTC 2026","passed","Mon Feb 16 06:12:57 UTC 2026","切断テスト（拡張）","disconnect-battle.spec.ts","",""
"","0","不正な状態遷移が拒否されること (Waiting → Playing)","ユニットテスト","Mon Feb 16 06:05:33 UTC 2026","passed","Mon Feb 16 06:05:33 UTC 2026","","Server","",""
"","4258","カウントダウン後にGO!が表示されること","chromium","Mon Feb 16 06:07:28 UTC 2026","passed","Mon Feb 16 06:07:32 UTC 2026","カウントダウン詳細","countdown-flow.spec.ts","",""
"","1","満員ルームで Error が返ること","ユニットテスト","Mon Feb 16 06:05:34 UTC 2026","passed","Mon Feb 16 06:05:34 UTC 2026","","Server","",""
"","6","再接続でタイマーがクリアされること","ユニットテスト","Mon Feb 16 06:05:33 UTC 2026","passed","Mon Feb 16 06:05:33 UTC 2026","","Server","",""
"","1","Best Practices: 100%","Lighthouse","Mon Feb 16 06:07:13 UTC 2026","passed","Mon Feb 16 06:07:13 UTC 2026","","Scores","",""
"","0","存在しない connectionId で addLinesCleared が 0 からスタートすること","ユニットテスト","Mon Feb 16 06:05:33 UTC 2026","passed","Mon Feb 16 06:05:33 UTC 2026","","Server","",""
"","1","満員ルームへの参加が拒否されること","ユニットテスト","Mon Feb 16 06:05:34 UTC 2026","passed","Mon Feb 16 06:05:34 UTC 2026","","Server","",""
"","0","isGrounded が false のまま tryMoveDown が失敗した場合に isGrounded が true に設定されること (tryMoveDown TRUE branch)","ユニットテスト","Mon Feb 16 06:05:24 UTC 2026","passed","Mon Feb 16 06:05:24 UTC 2026","","Client","",""
"","0","禁止ニックネームで Error が返ること","ユニットテスト","Mon Feb 16 06:05:34 UTC 2026","passed","Mon Feb 16 06:05:34 UTC 2026","","Server","",""
"","3","初期状態が正しいこと","ユニットテスト","Mon Feb 16 06:05:29 UTC 2026","passed","Mon Feb 16 06:05:29 UTC 2026","","Client","",""
"","1","ハードドロップ後にホールドが再度使用可能になること","ユニットテスト","Mon Feb 16 06:05:24 UTC 2026","passed","Mon Feb 16 06:05:24 UTC 2026","","Client","",""
"","6","requestAnimationFrame コールバックでエンジン更新と描画が行われること","ユニットテスト","Mon Feb 16 06:05:26 UTC 2026","passed","Mon Feb 16 06:05:26 UTC 2026","","Client","",""
"","4944","キー入力でスコアボードに変化が起きること（ハードドロップ）","chromium","Mon Feb 16 06:07:22 UTC 2026","passed","Mon Feb 16 06:07:27 UTC 2026","対戦画面","battle.spec.ts","",""
"","1799","G-2: 待機ルームリストの参加ボタンでルームに参加できる","chromium","Mon Feb 16 06:12:11 UTC 2026","passed","Mon Feb 16 06:12:13 UTC 2026","待機中ルームリスト","waiting-room-list.spec.ts","",""
"","1","fires every frame while held","ユニットテスト","Mon Feb 16 06:05:24 UTC 2026","passed","Mon Feb 16 06:05:24 UTC 2026","","Client","",""
"","1","Info: 0","npm audit","Mon Feb 16 06:05:10 UTC 2026","passed","Mon Feb 16 06:05:10 UTC 2026","","By Severity","",""
"","1","getAllRooms で全ルームが取得できること","ユニットテスト","Mon Feb 16 06:05:34 UTC 2026","passed","Mon Feb 16 06:05:34 UTC 2026","","Server","",""
"","1","ミニフィールドサイズが正しいこと","ユニットテスト","Mon Feb 16 06:05:25 UTC 2026","passed","Mon Feb 16 06:05:25 UTC 2026","","Client","",""
"","0","2ライン消去 → 1おじゃま","ユニットテスト","Mon Feb 16 06:05:34 UTC 2026","passed","Mon Feb 16 06:05:34 UTC 2026","","Server","",""
"","0","returns a copy (not a reference)","ユニットテスト","Mon Feb 16 06:05:26 UTC 2026","passed","Mon Feb 16 06:05:26 UTC 2026","","Client","",""
"","0","不正ペイロードで Error が返ること","ユニットテスト","Mon Feb 16 06:05:34 UTC 2026","passed","Mon Feb 16 06:05:34 UTC 2026","","Server","",""
"","0","disconnect で isConnected が false になること","ユニットテスト","Mon Feb 16 06:05:33 UTC 2026","passed","Mon Feb 16 06:05:33 UTC 2026","","Server","",""
"","1","セッション終了後にセッションが取得できないこと","ユニットテスト","Mon Feb 16 06:05:33 UTC 2026","passed","Mon Feb 16 06:05:33 UTC 2026","","Server","",""
"","0","おじゃまラインに穴が1つだけ空いていること","ユニットテスト","Mon Feb 16 06:05:31 UTC 2026","passed","Mon Feb 16 06:05:31 UTC 2026","","Client","",""
"","1","null の場合はクリアのみでピースが描画されないこと","ユニットテスト","Mon Feb 16 06:05:25 UTC 2026","passed","Mon Feb 16 06:05:25 UTC 2026","","Client","",""
"","0","player2 が null のルームを削除しても逆引きが正しくクリーンアップされること","ユニットテスト","Mon Feb 16 06:05:34 UTC 2026","passed","Mon Feb 16 06:05:34 UTC 2026","","Server","",""
"","0","setResult で loser が Map の最初のキーの場合に正しく winner が設定されること","ユニットテスト","Mon Feb 16 06:05:33 UTC 2026","passed","Mon Feb 16 06:05:33 UTC 2026","","Server","",""
"","6607","ルーム作成→対戦→結果→トップ→再ルーム作成の完全フロー","chromium","Mon Feb 16 06:08:15 UTC 2026","passed","Mon Feb 16 06:08:22 UTC 2026","完全ゲームサイクル","full-game-cycle.spec.ts","",""
"","3","接続成功で connected になること","ユニットテスト","Mon Feb 16 06:05:24 UTC 2026","passed","Mon Feb 16 06:05:24 UTC 2026","","Client","",""
"","1","片方のリマッチ要求で RematchAccepted が送られないこと","ユニットテスト","Mon Feb 16 06:05:34 UTC 2026","passed","Mon Feb 16 06:05:34 UTC 2026","","Server","",""
"","1","両者のリマッチ要求でルームが Waiting 状態に戻ること","ユニットテスト","Mon Feb 16 06:05:34 UTC 2026","passed","Mon Feb 16 06:05:34 UTC 2026","","Server","",""
"","3","1人追加しただけではマッチしないこと","ユニットテスト","Mon Feb 16 06:05:34 UTC 2026","passed","Mon Feb 16 06:05:34 UTC 2026","","Server","",""
"","1","存在しないセッションの終了でもエラーにならないこと","ユニットテスト","Mon Feb 16 06:05:33 UTC 2026","passed","Mon Feb 16 06:05:33 UTC 2026","","Server","",""
"","0","存在しない connectionId で undefined が返ること","ユニットテスト","Mon Feb 16 06:05:34 UTC 2026","passed","Mon Feb 16 06:05:34 UTC 2026","","Server","",""
"","1","ルームが存在しない場合は何もしないこと","ユニットテスト","Mon Feb 16 06:05:33 UTC 2026","passed","Mon Feb 16 06:05:33 UTC 2026","","Server","",""
"","0","pressing ""ArrowUp"" returns rotateCW","ユニットテスト","Mon Feb 16 06:05:24 UTC 2026","passed","Mon Feb 16 06:05:24 UTC 2026","","Client","",""
"","1","reset で初期状態に戻ること","ユニットテスト","Mon Feb 16 06:05:29 UTC 2026","passed","Mon Feb 16 06:05:29 UTC 2026","","Client","",""
"","1","each shape has exactly 4 filled cells","ユニットテスト","Mon Feb 16 06:05:30 UTC 2026","passed","Mon Feb 16 06:05:30 UTC 2026","","Client","",""
"","4293","対戦開始時にLinesが0であること","chromium","Mon Feb 16 06:11:53 UTC 2026","passed","Mon Feb 16 06:11:57 UTC 2026","スコア・レベル — 初期値検証","score-level.spec.ts","",""
"","0","初期状態でスコア・レベル・ラインが0であること","ユニットテスト","Mon Feb 16 06:05:24 UTC 2026","passed","Mon Feb 16 06:05:24 UTC 2026","","Client","",""
"","0","存在しない connectionId で getScore が 0 を返すこと","ユニットテスト","Mon Feb 16 06:05:33 UTC 2026","passed","Mon Feb 16 06:05:33 UTC 2026","","Server","",""
"","1","メインフィールドで不明な値 (value=10) が描画されてもエラーにならないこと","ユニットテスト","Mon Feb 16 06:05:25 UTC 2026","passed","Mon Feb 16 06:05:25 UTC 2026","","Client","",""
"","0","pressing ""z"" returns rotateCCW","ユニットテスト","Mon Feb 16 06:05:24 UTC 2026","passed","Mon Feb 16 06:05:24 UTC 2026","","Client","",""
"","6279","リマッチ要求後に相手が退出するとトップに遷移すること","chromium","Mon Feb 16 06:10:39 UTC 2026","passed","Mon Feb 16 06:10:45 UTC 2026","リマッチシナリオ","rematch-scenario.spec.ts","",""
"","6","ルーム作成で6桁英数字IDが返ること","ユニットテスト","Mon Feb 16 06:05:34 UTC 2026","passed","Mon Feb 16 06:05:34 UTC 2026","","Server","",""
"","1",""" "" (hardDrop) fires only once per press","ユニットテスト","Mon Feb 16 06:05:24 UTC 2026","passed","Mon Feb 16 06:05:24 UTC 2026","","Client","",""
"","1","[LOW] Timestamp Disclosure - Unix","OWASP ZAP","Mon Feb 16 06:07:16 UTC 2026","passed","Mon Feb 16 06:07:16 UTC 2026","","Alerts","",""
"","1","初期状態で最初のテトリミノがフィールド上部に出現すること","ユニットテスト","Mon Feb 16 06:05:24 UTC 2026","passed","Mon Feb 16 06:05:24 UTC 2026","","Client","",""
"","1","初期状態が正しいこと","ユニットテスト","Mon Feb 16 06:05:29 UTC 2026","passed","Mon Feb 16 06:05:29 UTC 2026","","Client","",""
"","7","opponentNickname が設定されている場合にその名前が表示されること","ユニットテスト","Mon Feb 16 06:05:26 UTC 2026","passed","Mon Feb 16 06:05:26 UTC 2026","","Client","",""
"","1","sendLeaveRoom がペイロードなしで送信すること","ユニットテスト","Mon Feb 16 06:05:24 UTC 2026","passed","Mon Feb 16 06:05:24 UTC 2026","","Client","",""
"","1","sendJoinRandomMatch が正しく送信すること","ユニットテスト","Mon Feb 16 06:05:24 UTC 2026","passed","Mon Feb 16 06:05:24 UTC 2026","","Client","",""
"","1","Accessibility: 100%","Lighthouse","Mon Feb 16 06:07:13 UTC 2026","passed","Mon Feb 16 06:07:13 UTC 2026","","Scores","",""
"","1","[FAIL] First Contentful Paint","Lighthouse","Mon Feb 16 06:07:13 UTC 2026","failed","Mon Feb 16 06:07:13 UTC 2026","","Failed Audits","",""
"","1","[FAIL] Minimize main-thread work","Lighthouse","Mon Feb 16 06:07:13 UTC 2026","failed","Mon Feb 16 06:07:13 UTC 2026","","Failed Audits","",""
"","0","1ライン消去 → 0おじゃま","ユニットテスト","Mon Feb 16 06:05:34 UTC 2026","passed","Mon Feb 16 06:05:34 UTC 2026","","Server","",""
"","1","writes tetromino type value to grid cells","ユニットテスト","Mon Feb 16 06:05:26 UTC 2026","passed","Mon Feb 16 06:05:26 UTC 2026","","Client","",""
"","1","[FAIL] Network dependency tree","Lighthouse","Mon Feb 16 06:07:13 UTC 2026","failed","Mon Feb 16 06:07:13 UTC 2026","","Failed Audits","",""
"","1","バッファ行にあるピースの描画で drawRow < 0 のセルがスキップされること","ユニットテスト","Mon Feb 16 06:05:25 UTC 2026","passed","Mon Feb 16 06:05:25 UTC 2026","","Client","",""
"","7","pendingGarbage = 0 の場合にガーベジバーのフィルが表示されないこと","ユニットテスト","Mon Feb 16 06:05:26 UTC 2026","passed","Mon Feb 16 06:05:26 UTC 2026","","Client","",""
"","0","areBothReady で player2 が null の場合に false を返すこと","ユニットテスト","Mon Feb 16 06:05:33 UTC 2026","passed","Mon Feb 16 06:05:33 UTC 2026","","Server","",""
"","0","異なるシードのインスタンスが異なるピース順序を生成すること","ユニットテスト","Mon Feb 16 06:05:28 UTC 2026","passed","Mon Feb 16 06:05:28 UTC 2026","","Client","",""
"","0","starts repeating after DAS_MS elapses","ユニットテスト","Mon Feb 16 06:05:24 UTC 2026","passed","Mon Feb 16 06:05:24 UTC 2026","","Client","",""
"","601","ニックネーム未入力でボタンが無効化されること","chromium","Mon Feb 16 06:12:08 UTC 2026","passed","Mon Feb 16 06:12:09 UTC 2026","トップページ","top-page.spec.ts","",""
"","7","OpponentJoined イベントで相手の名前が表示されること","ユニットテスト","Mon Feb 16 06:05:27 UTC 2026","passed","Mon Feb 16 06:05:27 UTC 2026","","Client","",""
"","788","存在しないルームIDでエラーが表示されること","chromium","Mon Feb 16 06:11:46 UTC 2026","passed","Mon Feb 16 06:11:47 UTC 2026","ルーム参加 — エラー系","room-join-errors.spec.ts","",""
"","674","ニックネーム17文字でエラーが表示されること","chromium","Mon Feb 16 06:12:03 UTC 2026","passed","Mon Feb 16 06:12:04 UTC 2026","トップページ — ニックネームバリデーション","top-page-validation.spec.ts","",""
"","0","tryMove: current が null のとき false を返すこと","ユニットテスト","Mon Feb 16 06:05:24 UTC 2026","passed","Mon Feb 16 06:05:24 UTC 2026","","Client","",""
"","1","allows placement on empty field","ユニットテスト","Mon Feb 16 06:05:26 UTC 2026","passed","Mon Feb 16 06:05:26 UTC 2026","","Client","",""
"","1","ホールドスワップ: 保持済みピースと現在のピースが入れ替わること","ユニットテスト","Mon Feb 16 06:05:24 UTC 2026","passed","Mon Feb 16 06:05:24 UTC 2026","","Client","",""
"","1","OpponentReconnected イベントでハンドラが呼ばれること","ユニットテスト","Mon Feb 16 06:05:24 UTC 2026","passed","Mon Feb 16 06:05:24 UTC 2026","","Client","",""
"","1103","退出すると相手にwaiting-textが再表示されること","chromium","Mon Feb 16 06:09:04 UTC 2026","passed","Mon Feb 16 06:09:06 UTC 2026","ロビー — 拡張テスト","lobby-extended.spec.ts","",""
"","0","clears multiple lines simultaneously","ユニットテスト","Mon Feb 16 06:05:26 UTC 2026","passed","Mon Feb 16 06:05:26 UTC 2026","","Client","",""
"","1","Waiting 状態（ゲームセッションなし）の切断で相手に OpponentDisconnected(timeout=0) が送られること","ユニットテスト","Mon Feb 16 06:05:34 UTC 2026","passed","Mon Feb 16 06:05:34 UTC 2026","","Server","",""
"","4256","対戦開始時にLevelが0であること","chromium","Mon Feb 16 06:11:57 UTC 2026","passed","Mon Feb 16 06:12:02 UTC 2026","スコア・レベル — 初期値検証","score-level.spec.ts","",""
"","0","returns true when spawn position is blocked","ユニットテスト","Mon Feb 16 06:05:26 UTC 2026","passed","Mon Feb 16 06:05:26 UTC 2026","","Client","",""
"","2","flush() でフィールドにおじゃまラインがせり上がること","ユニットテスト","Mon Feb 16 06:05:31 UTC 2026","passed","Mon Feb 16 06:05:31 UTC 2026","","Client","",""
"","1","value 99 (不明な値) でもエラーにならないこと","ユニットテスト","Mon Feb 16 06:05:25 UTC 2026","passed","Mon Feb 16 06:05:25 UTC 2026","","Client","",""
"","0","add() でキューにおじゃまが追加されること","ユニットテスト","Mon Feb 16 06:05:31 UTC 2026","passed","Mon Feb 16 06:05:31 UTC 2026","","Client","",""
"","0","ルーム作成時に creator の逆引きが登録されること","ユニットテスト","Mon Feb 16 06:05:34 UTC 2026","passed","Mon Feb 16 06:05:34 UTC 2026","","Server","",""
"","1","対戦中の切断で相手に OpponentDisconnected が送られること","ユニットテスト","Mon Feb 16 06:05:34 UTC 2026","passed","Mon Feb 16 06:05:34 UTC 2026","","Server","",""
"","1","High Risk: 0","OWASP ZAP","Mon Feb 16 06:07:16 UTC 2026","passed","Mon Feb 16 06:07:16 UTC 2026","","By Risk Level","",""
"","0","resetForRematch 後に再度 transitionToReady が可能であること","ユニットテスト","Mon Feb 16 06:05:33 UTC 2026","passed","Mon Feb 16 06:05:33 UTC 2026","","Server","",""
"","0","reset で isReady が false に戻ること","ユニットテスト","Mon Feb 16 06:05:33 UTC 2026","passed","Mon Feb 16 06:05:33 UTC 2026","","Server","",""
"","1","接地状態での回転でロックディレイがリセットされること","ユニットテスト","Mon Feb 16 06:05:24 UTC 2026","passed","Mon Feb 16 06:05:24 UTC 2026","","Client","",""
"","637","ニックネームなしでロビーURL直接アクセスするとトップへリダイレクトされること","chromium","Mon Feb 16 06:09:06 UTC 2026","passed","Mon Feb 16 06:09:06 UTC 2026","ロビー — 拡張テスト","lobby-extended.spec.ts","",""
"","0","ルーム内にプレイヤーが見つからない場合に何もしないこと","ユニットテスト","Mon Feb 16 06:05:34 UTC 2026","passed","Mon Feb 16 06:05:34 UTC 2026","","Server","",""
"","0","health endpoint exists (tested in smoke test)","ユニットテスト","Mon Feb 16 06:05:34 UTC 2026","passed","Mon Feb 16 06:05:34 UTC 2026","","Server","",""
"","299","JoinRoom の onError でエラーが表示されること","ユニットテスト","Mon Feb 16 06:05:29 UTC 2026","passed","Mon Feb 16 06:05:29 UTC 2026","","Client","",""
"","0","ルームに参加していない場合は何もしないこと","ユニットテスト","Mon Feb 16 06:05:34 UTC 2026","passed","Mon Feb 16 06:05:34 UTC 2026","","Server","",""
"","1","タイマーがない状態での再接続でもエラーにならないこと","ユニットテスト","Mon Feb 16 06:05:33 UTC 2026","passed","Mon Feb 16 06:05:33 UTC 2026","","Server","",""
"","1","存在しないルームIDで undefined が返ること","ユニットテスト","Mon Feb 16 06:05:33 UTC 2026","passed","Mon Feb 16 06:05:33 UTC 2026","","Server","",""
"","1","Duplicated Lines: 0.4%","SonarCloud","Mon Feb 16 06:06:59 UTC 2026","passed","Mon Feb 16 06:06:59 UTC 2026","","Maintainability","",""
"","1","first offset is always [0,0] (no kick)","ユニットテスト","Mon Feb 16 06:05:30 UTC 2026","passed","Mon Feb 16 06:05:30 UTC 2026","","Client","",""
"","1279","BD-3: ランダムマッチ → ロビーで退出ボタン → 相手が待機状態に戻る","E2Eテスト","Mon Feb 16 06:14:52 UTC 2026","passed","Mon Feb 16 06:14:54 UTC 2026","ランダムマッチ 切断テスト","random-match-disconnect.spec.ts","",""
"","1","""ArrowUp"" (rotateCW) fires only once per press","ユニットテスト","Mon Feb 16 06:05:24 UTC 2026","passed","Mon Feb 16 06:05:24 UTC 2026","","Client","",""
"","2913","B-4: ランダムマッチ待機中にキャンセル → 残りの人が別の人とマッチ","E2Eテスト","Mon Feb 16 06:13:21 UTC 2026","passed","Mon Feb 16 06:13:24 UTC 2026","ランダムマッチ複数人","random-match-multi.spec.ts","",""
"","0","3ライン消去 → 2おじゃま","ユニットテスト","Mon Feb 16 06:05:34 UTC 2026","passed","Mon Feb 16 06:05:34 UTC 2026","","Server","",""
"","0","対戦相手がいない場合は何もしないこと","ユニットテスト","Mon Feb 16 06:05:34 UTC 2026","passed","Mon Feb 16 06:05:34 UTC 2026","","Server","",""
"","15","ニックネーム未入力でボタンが無効化されること","ユニットテスト","Mon Feb 16 06:05:26 UTC 2026","passed","Mon Feb 16 06:05:26 UTC 2026","","Client","",""
"","2","両者のリマッチ要求で RematchAccepted が両者に送られること","ユニットテスト","Mon Feb 16 06:05:34 UTC 2026","passed","Mon Feb 16 06:05:34 UTC 2026","","Server","",""
"","1","handles movement + rotation simultaneously","ユニットテスト","Mon Feb 16 06:05:24 UTC 2026","passed","Mon Feb 16 06:05:24 UTC 2026","","Client","",""
"","0","負数 → 0","ユニットテスト","Mon Feb 16 06:05:34 UTC 2026","passed","Mon Feb 16 06:05:34 UTC 2026","","Server","",""
"","1","ライン消去でスコアが加算されること","ユニットテスト","Mon Feb 16 06:05:24 UTC 2026","passed","Mon Feb 16 06:05:24 UTC 2026","","Client","",""
"","0","I mino uses different offsets than JLSTZ","ユニットテスト","Mon Feb 16 06:05:30 UTC 2026","passed","Mon Feb 16 06:05:30 UTC 2026","","Client","",""
"","0","ルームに参加していない場合は何もしないこと","ユニットテスト","Mon Feb 16 06:05:34 UTC 2026","passed","Mon Feb 16 06:05:34 UTC 2026","","Server","",""
"","0","level 0 is the slowest (1000ms)","ユニットテスト","Mon Feb 16 06:05:22 UTC 2026","passed","Mon Feb 16 06:05:22 UTC 2026","","Shared","",""
"","1","リマッチリクエストが相手に OpponentRematch として送られること","ユニットテスト","Mon Feb 16 06:05:34 UTC 2026","passed","Mon Feb 16 06:05:34 UTC 2026","","Server","",""
"","1","handles multiple actions at once","ユニットテスト","Mon Feb 16 06:05:24 UTC 2026","passed","Mon Feb 16 06:05:24 UTC 2026","","Client","",""
"","1","全ウォールキックオフセットが失敗した場合に回転しないこと","ユニットテスト","Mon Feb 16 06:05:24 UTC 2026","passed","Mon Feb 16 06:05:24 UTC 2026","","Client","",""
"","6671","C-1: 2ルーム同時対戦 → スコア・フィールドが互いに干渉しない","chromium","Mon Feb 16 06:09:19 UTC 2026","passed","Mon Feb 16 06:09:26 UTC 2026","複数ルーム同時対戦","multi-room-battle.spec.ts","",""
"","10","onError ハンドラが設定されていること (noop)","ユニットテスト","Mon Feb 16 06:05:28 UTC 2026","passed","Mon Feb 16 06:05:28 UTC 2026","","Client","",""
"","0","pressing ""s"" returns softDrop","ユニットテスト","Mon Feb 16 06:05:24 UTC 2026","passed","Mon Feb 16 06:05:24 UTC 2026","","Client","",""
"","5791","敗者からのリマッチ要求が勝者に通知されること","chromium","Mon Feb 16 06:10:00 UTC 2026","passed","Mon Feb 16 06:10:06 UTC 2026","リマッチフロー完全検証","rematch-full.spec.ts","",""
"","5902","両者がリマッチ要求するとロビーに戻ること","chromium","Mon Feb 16 06:10:24 UTC 2026","passed","Mon Feb 16 06:10:29 UTC 2026","リマッチシナリオ","rematch-scenario.spec.ts","",""
"","10","onOpponentFieldUpdate ハンドラで相手フィールドが更新されること","ユニットテスト","Mon Feb 16 06:05:26 UTC 2026","passed","Mon Feb 16 06:05:26 UTC 2026","","Client","",""
"","1","adds garbage lines at the bottom with a hole","ユニットテスト","Mon Feb 16 06:05:26 UTC 2026","passed","Mon Feb 16 06:05:26 UTC 2026","","Client","",""
"","0","ルーム削除で逆引きもクリーンアップされること","ユニットテスト","Mon Feb 16 06:05:34 UTC 2026","passed","Mon Feb 16 06:05:34 UTC 2026","","Server","",""
"","0","Iミノの壁際回転でウォールキックが発動すること","ユニットテスト","Mon Feb 16 06:05:24 UTC 2026","passed","Mon Feb 16 06:05:24 UTC 2026","","Client","",""
"","1","セッションが終了済みの場合は何もしないこと","ユニットテスト","Mon Feb 16 06:05:33 UTC 2026","passed","Mon Feb 16 06:05:33 UTC 2026","","Server","",""
"","1","不正ペイロードで Error が返ること","ユニットテスト","Mon Feb 16 06:05:34 UTC 2026","passed","Mon Feb 16 06:05:34 UTC 2026","","Server","",""
"","2","満員ルームへの参加が拒否されること","ユニットテスト","Mon Feb 16 06:05:33 UTC 2026","passed","Mon Feb 16 06:05:33 UTC 2026","","Server","",""
"","6","engine の onGameOver コールバックで GameOver 状態になり sendGameOver が呼ばれること","ユニットテスト","Mon Feb 16 06:05:26 UTC 2026","passed","Mon Feb 16 06:05:26 UTC 2026","","Client","",""
"","1","connection が null の場合に setupLifecycleHooks が早期リターンすること","ユニットテスト","Mon Feb 16 06:05:24 UTC 2026","passed","Mon Feb 16 06:05:24 UTC 2026","","Client","",""
"","0","cancel() でキュー以上の値を指定するとキューが0になること","ユニットテスト","Mon Feb 16 06:05:31 UTC 2026","passed","Mon Feb 16 06:05:31 UTC 2026","","Client","",""
"","639","ニックネーム1文字でボタンが有効になること","chromium","Mon Feb 16 06:12:02 UTC 2026","passed","Mon Feb 16 06:12:03 UTC 2026","トップページ — ニックネームバリデーション","top-page-validation.spec.ts","",""
"","197","未接続時にルーム作成で connect() が呼ばれること","ユニットテスト","Mon Feb 16 06:05:27 UTC 2026","passed","Mon Feb 16 06:05:27 UTC 2026","","Client","",""
"","1","接地状態での回転成功で resetLockDelay が実行されること (tryRotate grounded branch)","ユニットテスト","Mon Feb 16 06:05:24 UTC 2026","passed","Mon Feb 16 06:05:24 UTC 2026","","Client","",""
"","0","setRoomId で値が更新されること","ユニットテスト","Mon Feb 16 06:05:29 UTC 2026","passed","Mon Feb 16 06:05:29 UTC 2026","","Client","",""
"","1","OpponentJoined イベントでハンドラが呼ばれること","ユニットテスト","Mon Feb 16 06:05:24 UTC 2026","passed","Mon Feb 16 06:05:24 UTC 2026","","Client","",""
"","1","ignores OS key repeat (duplicate keydown without keyup)","ユニットテスト","Mon Feb 16 06:05:24 UTC 2026","passed","Mon Feb 16 06:05:24 UTC 2026","","Client","",""
"","196","handleJoinRoom で roomIdValid が false の場合ボタンが無効のこと","ユニットテスト","Mon Feb 16 06:05:29 UTC 2026","passed","Mon Feb 16 06:05:29 UTC 2026","","Client","",""
"","1","コールバックが未設定の場合にガーベジが送信されないこと","ユニットテスト","Mon Feb 16 06:05:33 UTC 2026","passed","Mon Feb 16 06:05:33 UTC 2026","","Server","",""
"","11095","D-4: カウントダウン中に片方が切断 → 相手がロビー/トップに戻る","chromium","Mon Feb 16 06:08:03 UTC 2026","passed","Mon Feb 16 06:08:14 UTC 2026","切断バリエーション","disconnect-variations.spec.ts","",""
"","1","タイマーがない場合のセッション終了でもエラーにならないこと","ユニットテスト","Mon Feb 16 06:05:33 UTC 2026","passed","Mon Feb 16 06:05:33 UTC 2026","","Server","",""
"","0","ハードドロップでライン消去が発生してスコアが加算されること","ユニットテスト","Mon Feb 16 06:05:24 UTC 2026","passed","Mon Feb 16 06:05:24 UTC 2026","","Client","",""
"","4254","相手のLines表示が確認できること","chromium","Mon Feb 16 06:09:42 UTC 2026","passed","Mon Feb 16 06:09:46 UTC 2026","対戦相手スコア同期","opponent-sync.spec.ts","",""
"","0","areBothRematchRequested で片方のみの場合 false を返すこと","ユニットテスト","Mon Feb 16 06:05:33 UTC 2026","passed","Mon Feb 16 06:05:33 UTC 2026","","Server","",""
"","1","Critical: 0","npm audit","Mon Feb 16 06:05:10 UTC 2026","passed","Mon Feb 16 06:05:10 UTC 2026","","By Severity","",""
"","2","I and O use 4x4 matrices","ユニットテスト","Mon Feb 16 06:05:30 UTC 2026","passed","Mon Feb 16 06:05:30 UTC 2026","","Client","",""
"","65","トップへ戻るボタンで sendLeaveRoom が呼ばれること","ユニットテスト","Mon Feb 16 06:05:30 UTC 2026","passed","Mon Feb 16 06:05:30 UTC 2026","","Client","",""
"","0","存在するルームの削除が true を返すこと","ユニットテスト","Mon Feb 16 06:05:34 UTC 2026","passed","Mon Feb 16 06:05:34 UTC 2026","","Server","",""
"","0","returns false on empty field","ユニットテスト","Mon Feb 16 06:05:26 UTC 2026","passed","Mon Feb 16 06:05:26 UTC 2026","","Client","",""
"","1","GameResult イベントでハンドラが呼ばれること","ユニットテスト","Mon Feb 16 06:05:24 UTC 2026","passed","Mon Feb 16 06:05:24 UTC 2026","","Client","",""
"","385","ニックネーム入力でルーム作成ボタンが有効化されること","ユニットテスト","Mon Feb 16 06:05:26 UTC 2026","passed","Mon Feb 16 06:05:26 UTC 2026","","Client","",""
"","1406","E-3: ルーム待機中にトップへ戻り → ランダムマッチ → 正常にマッチ","E2Eテスト","Mon Feb 16 06:15:29 UTC 2026","passed","Mon Feb 16 06:15:30 UTC 2026","ルーム↔ランダムマッチ横断","cross-match.spec.ts","",""
"","1","ルームが存在しない場合でもセッションのライン数は加算されること","ユニットテスト","Mon Feb 16 06:05:33 UTC 2026","passed","Mon Feb 16 06:05:33 UTC 2026","","Server","",""
"","0","removeConnection で存在しない connectionId を指定してもエラーにならないこと","ユニットテスト","Mon Feb 16 06:05:34 UTC 2026","passed","Mon Feb 16 06:05:34 UTC 2026","","Server","",""
"","0","スコアが更新できること","ユニットテスト","Mon Feb 16 06:05:33 UTC 2026","passed","Mon Feb 16 06:05:33 UTC 2026","","Server","",""
"","5184","左右キーで操作しハードドロップでスコアが増加すること","E2Eテスト","Mon Feb 16 06:06:46 UTC 2026","passed","Mon Feb 16 06:06:52 UTC 2026","対戦 — 操作テスト","battle-controls.spec.ts","",""
"","5970","Result画面にスコア・ライン・レベルが表示されること","chromium","Mon Feb 16 06:08:52 UTC 2026","passed","Mon Feb 16 06:08:58 UTC 2026","ゲームオーバー — リザルト画面","game-over.spec.ts","",""
"","5","Idle 状態の場合は WIN と判定されること","ユニットテスト","Mon Feb 16 06:05:30 UTC 2026","passed","Mon Feb 16 06:05:30 UTC 2026","","Client","",""
"","0","drop scores are positive","ユニットテスト","Mon Feb 16 06:05:22 UTC 2026","passed","Mon Feb 16 06:05:22 UTC 2026","","Shared","",""
"","0","ホールドが1ロックにつき1回のみであること","ユニットテスト","Mon Feb 16 06:05:24 UTC 2026","passed","Mon Feb 16 06:05:24 UTC 2026","","Client","",""
"","7262","C-3: 2ルーム同時ゲームオーバー → 各ルームで正しいWIN/LOSE","chromium","Mon Feb 16 06:09:34 UTC 2026","passed","Mon Feb 16 06:09:41 UTC 2026","複数ルーム同時対戦","multi-room-battle.spec.ts","",""
"","6","勝利時に「WIN」が表示されること","ユニットテスト","Mon Feb 16 06:05:29 UTC 2026","passed","Mon Feb 16 06:05:29 UTC 2026","","Client","",""
"","7615","C-2: 1ルーム終了、もう1ルーム継続","chromium","Mon Feb 16 06:09:26 UTC 2026","passed","Mon Feb 16 06:09:34 UTC 2026","複数ルーム同時対戦","multi-room-battle.spec.ts","",""
"","653","ルームID不正形式で参加ボタンが無効であること","chromium","Mon Feb 16 06:12:05 UTC 2026","passed","Mon Feb 16 06:12:06 UTC 2026","トップページ — ルームID参加バリデーション","top-page-validation.spec.ts","",""
"","6455","トップへ戻るボタンでトップページへ遷移すること","chromium","Mon Feb 16 06:11:13 UTC 2026","passed","Mon Feb 16 06:11:19 UTC 2026","リザルト — 画面遷移","result-navigation.spec.ts","",""
"","1","グリッド線が描画されること","ユニットテスト","Mon Feb 16 06:05:25 UTC 2026","passed","Mon Feb 16 06:05:25 UTC 2026","","Client","",""
"","3","LinesCleared(3) で相手に ReceiveGarbage(2) が送られること","ユニットテスト","Mon Feb 16 06:05:33 UTC 2026","passed","Mon Feb 16 06:05:33 UTC 2026","","Server","",""
"","6","pressing ""ArrowLeft"" returns moveLeft","ユニットテスト","Mon Feb 16 06:05:24 UTC 2026","passed","Mon Feb 16 06:05:24 UTC 2026","","Client","",""
"","1","セッションが取得できること","ユニットテスト","Mon Feb 16 06:05:33 UTC 2026","passed","Mon Feb 16 06:05:33 UTC 2026","","Server","",""
"","0","tryRotate: current が null のとき false を返すこと","ユニットテスト","Mon Feb 16 06:05:24 UTC 2026","passed","Mon Feb 16 06:05:24 UTC 2026","","Client","",""
"","2","has exactly 11 events","ユニットテスト","Mon Feb 16 06:05:22 UTC 2026","passed","Mon Feb 16 06:05:22 UTC 2026","","Shared","",""
"","13","カウントダウンが0になると /battle へナビゲートされること","ユニットテスト","Mon Feb 16 06:05:28 UTC 2026","passed","Mon Feb 16 06:05:28 UTC 2026","","Client","",""
"","1","アクティブな切断タイマーがある場合にクリアされること","ユニットテスト","Mon Feb 16 06:05:33 UTC 2026","passed","Mon Feb 16 06:05:33 UTC 2026","","Server","",""
"","1","空配列でもエラーにならないこと","ユニットテスト","Mon Feb 16 06:05:25 UTC 2026","passed","Mon Feb 16 06:05:25 UTC 2026","","Client","",""
"","0","returns slowest for negative level","ユニットテスト","Mon Feb 16 06:05:22 UTC 2026","passed","Mon Feb 16 06:05:22 UTC 2026","","Shared","",""
"","1","存在するルームに参加できること","ユニットテスト","Mon Feb 16 06:05:34 UTC 2026","passed","Mon Feb 16 06:05:34 UTC 2026","","Server","",""
"","1","[INFORMATIONAL] Modern Web Application","OWASP ZAP","Mon Feb 16 06:07:16 UTC 2026","passed","Mon Feb 16 06:07:16 UTC 2026","","Alerts","",""
"","607","空白のみでボタンが無効であること","chromium","Mon Feb 16 06:12:04 UTC 2026","passed","Mon Feb 16 06:12:05 UTC 2026","トップページ — ニックネームバリデーション","top-page-validation.spec.ts","",""
"","0","前後の空白がトリムされること","ユニットテスト","Mon Feb 16 06:05:34 UTC 2026","passed","Mon Feb 16 06:05:34 UTC 2026","","Server","",""
"","19","ゲームループでエンジン状態がPlaying以外の場合にrafが停止すること","ユニットテスト","Mon Feb 16 06:05:26 UTC 2026","passed","Mon Feb 16 06:05:26 UTC 2026","","Client","",""
"","1","RematchAccepted イベントでハンドラが呼ばれること","ユニットテスト","Mon Feb 16 06:05:24 UTC 2026","passed","Mon Feb 16 06:05:24 UTC 2026","","Client","",""
"","0","1人では MatchFound が送られないこと","ユニットテスト","Mon Feb 16 06:05:34 UTC 2026","passed","Mon Feb 16 06:05:34 UTC 2026","","Server","",""
"","6026","BL-2: ランダムマッチ → 対戦 → 結果 → リマッチ要求 → 相手に通知表示","E2Eテスト","Mon Feb 16 06:13:47 UTC 2026","passed","Mon Feb 16 06:13:53 UTC 2026","ランダムマッチ ライフサイクル","random-match-lifecycle.spec.ts","",""
"","0","不正な状態遷移が拒否されること (Playing → Ready)","ユニットテスト","Mon Feb 16 06:05:33 UTC 2026","passed","Mon Feb 16 06:05:33 UTC 2026","","Server","",""
"","0","hold: current が null のとき早期リターンすること","ユニットテスト","Mon Feb 16 06:05:24 UTC 2026","passed","Mon Feb 16 06:05:24 UTC 2026","","Client","",""
"","1","onclose で disconnected に遷移すること","ユニットテスト","Mon Feb 16 06:05:24 UTC 2026","passed","Mon Feb 16 06:05:24 UTC 2026","","Client","",""
"","0","returns JLSTZ kick data for other minos","ユニットテスト","Mon Feb 16 06:05:30 UTC 2026","passed","Mon Feb 16 06:05:30 UTC 2026","","Client","",""
"","11666","A-2: 同時にルーム参加を試みる2人 → 1人成功、1人エラー","chromium","Mon Feb 16 06:11:25 UTC 2026","passed","Mon Feb 16 06:11:37 UTC 2026","ルーム競合・同時操作","room-concurrency.spec.ts","",""
"","0","pressing ""ArrowRight"" returns moveRight","ユニットテスト","Mon Feb 16 06:05:24 UTC 2026","passed","Mon Feb 16 06:05:24 UTC 2026","","Client","",""
"","6","相手未参加時に待機テキストが表示されること","ユニットテスト","Mon Feb 16 06:05:27 UTC 2026","passed","Mon Feb 16 06:05:27 UTC 2026","","Client","",""
"","4","ニックネーム未設定でリダイレクトされること","ユニットテスト","Mon Feb 16 06:05:26 UTC 2026","passed","Mon Feb 16 06:05:26 UTC 2026","","Client","",""
"","1","ルーム削除後に参加不可になること","ユニットテスト","Mon Feb 16 06:05:34 UTC 2026","passed","Mon Feb 16 06:05:34 UTC 2026","","Server","",""
"","6","ニックネーム未設定でリダイレクトされること","ユニットテスト","Mon Feb 16 06:05:28 UTC 2026","passed","Mon Feb 16 06:05:28 UTC 2026","","Client","",""
"","20773","D-2: 対戦中にネットワーク切断→30秒以内に復帰→ゲーム継続","chromium","Mon Feb 16 06:07:33 UTC 2026","passed","Mon Feb 16 06:07:54 UTC 2026","切断バリエーション","disconnect-variations.spec.ts","",""
"","1","sendPlayerReady がペイロードなしで送信すること","ユニットテスト","Mon Feb 16 06:05:24 UTC 2026","passed","Mon Feb 16 06:05:24 UTC 2026","","Client","",""
"","1","既に終了したセッションでは無視されること","ユニットテスト","Mon Feb 16 06:05:33 UTC 2026","passed","Mon Feb 16 06:05:33 UTC 2026","","Server","",""
"","4250","対戦開始時にスコアが0であること","chromium","Mon Feb 16 06:11:49 UTC 2026","passed","Mon Feb 16 06:11:53 UTC 2026","スコア・レベル — 初期値検証","score-level.spec.ts","",""
"","0","room ID length is 6","ユニットテスト","Mon Feb 16 06:05:22 UTC 2026","passed","Mon Feb 16 06:05:22 UTC 2026","","Shared","",""
"","1","MatchFound イベントでハンドラが呼ばれること","ユニットテスト","Mon Feb 16 06:05:24 UTC 2026","passed","Mon Feb 16 06:05:24 UTC 2026","","Client","",""
"","319","ルームID入力 + 参加ボタンで JoinRoom が呼ばれること","ユニットテスト","Mon Feb 16 06:05:26 UTC 2026","passed","Mon Feb 16 06:05:27 UTC 2026","","Client","",""
"","0","has exactly 14 events","ユニットテスト","Mon Feb 16 06:05:22 UTC 2026","passed","Mon Feb 16 06:05:22 UTC 2026","","Shared","",""
"","1","returns 20 rows (excludes 2 buffer rows)","ユニットテスト","Mon Feb 16 06:05:26 UTC 2026","passed","Mon Feb 16 06:05:26 UTC 2026","","Client","",""
"","6","スコア0, ライン0, レベル0 が正しく表示されること","ユニットテスト","Mon Feb 16 06:05:30 UTC 2026","passed","Mon Feb 16 06:05:30 UTC 2026","","Client","",""
"","1","フィールド描画で fillRect が呼ばれること","ユニットテスト","Mon Feb 16 06:05:25 UTC 2026","passed","Mon Feb 16 06:05:25 UTC 2026","","Client","",""
"","1","コールバックが未設定の場合に切断通知が送信されないこと","ユニットテスト","Mon Feb 16 06:05:33 UTC 2026","passed","Mon Feb 16 06:05:33 UTC 2026","","Server","",""
"","0","rejects placement overlapping existing blocks","ユニットテスト","Mon Feb 16 06:05:26 UTC 2026","passed","Mon Feb 16 06:05:26 UTC 2026","","Client","",""
"","0","cancel() でキューが相殺されること","ユニットテスト","Mon Feb 16 06:05:31 UTC 2026","passed","Mon Feb 16 06:05:31 UTC 2026","","Client","",""
"","0","buffer rows include 2 extra rows above visible area","ユニットテスト","Mon Feb 16 06:05:22 UTC 2026","passed","Mon Feb 16 06:05:22 UTC 2026","","Shared","",""
"","83","トップへ戻るボタンで全ストアがリセットされること","ユニットテスト","Mon Feb 16 06:05:30 UTC 2026","passed","Mon Feb 16 06:05:30 UTC 2026","","Client","",""
"","1038","A-4: 複数ルーム同時作成 → 各ルームが独立して生成される","chromium","Mon Feb 16 06:11:38 UTC 2026","passed","Mon Feb 16 06:11:40 UTC 2026","ルーム競合・同時操作","room-concurrency.spec.ts","",""
"","1","8回目の next() で新しいバッグが自動生成されること","ユニットテスト","Mon Feb 16 06:05:28 UTC 2026","passed","Mon Feb 16 06:05:28 UTC 2026","","Client","",""
"","0","centers the piece horizontally","ユニットテスト","Mon Feb 16 06:05:30 UTC 2026","passed","Mon Feb 16 06:05:30 UTC 2026","","Client","",""
"","0","壁を超えて移動できないこと","ユニットテスト","Mon Feb 16 06:05:24 UTC 2026","passed","Mon Feb 16 06:05:24 UTC 2026","","Client","",""
"","1","ArrowRight と ""d"" で同様にDASが継続すること","ユニットテスト","Mon Feb 16 06:05:24 UTC 2026","passed","Mon Feb 16 06:05:24 UTC 2026","","Client","",""
"","1122","退出ボタンでトップページへ戻ること","chromium","Mon Feb 16 06:08:14 UTC 2026","passed","Mon Feb 16 06:08:15 UTC 2026","切断テスト","disconnect.spec.ts","",""
"","1","clears DAS timing so re-press starts fresh","ユニットテスト","Mon Feb 16 06:05:24 UTC 2026","passed","Mon Feb 16 06:05:24 UTC 2026","","Client","",""
"","1","ゴーストピースがバッファ行にある場合もエラーが起きないこと","ユニットテスト","Mon Feb 16 06:05:25 UTC 2026","passed","Mon Feb 16 06:05:25 UTC 2026","","Client","",""
"","6440","BL-5: ランダムマッチ → 対戦 → 結果 → 片方退出 → 相手がトップに遷移","E2Eテスト","Mon Feb 16 06:14:08 UTC 2026","passed","Mon Feb 16 06:14:15 UTC 2026","ランダムマッチ ライフサイクル","random-match-lifecycle.spec.ts","",""
"","639","ルームID未入力で参加ボタンが無効であること","chromium","Mon Feb 16 06:12:05 UTC 2026","passed","Mon Feb 16 06:12:05 UTC 2026","トップページ — ルームID参加バリデーション","top-page-validation.spec.ts","",""
"","12","生成されたシードが範囲内であること","ユニットテスト","Mon Feb 16 06:05:34 UTC 2026","passed","Mon Feb 16 06:05:34 UTC 2026","","Server","",""
"","597","タイトルが表示されること","chromium","Mon Feb 16 06:12:07 UTC 2026","passed","Mon Feb 16 06:12:07 UTC 2026","トップページ","top-page.spec.ts","",""
"","0","5以上 → 0","ユニットテスト","Mon Feb 16 06:05:34 UTC 2026","passed","Mon Feb 16 06:05:34 UTC 2026","","Server","",""
"","1","3人追加で1マッチ成立 + 1人待機であること","ユニットテスト","Mon Feb 16 06:05:34 UTC 2026","passed","Mon Feb 16 06:05:34 UTC 2026","","Server","",""
"","28","初期状態が disconnected であること","ユニットテスト","Mon Feb 16 06:05:24 UTC 2026","passed","Mon Feb 16 06:05:24 UTC 2026","","Client","",""
"","0","line clear scores match spec (0, 100, 300, 500, 800)","ユニットテスト","Mon Feb 16 06:05:22 UTC 2026","passed","Mon Feb 16 06:05:22 UTC 2026","","Shared","",""
"","4248","対戦画面にCanvas要素とスコアボードが表示されること","chromium","Mon Feb 16 06:07:18 UTC 2026","passed","Mon Feb 16 06:07:22 UTC 2026","対戦画面","battle.spec.ts","",""
"","55","renders the app title","ユニットテスト","Mon Feb 16 06:05:32 UTC 2026","passed","Mon Feb 16 06:05:32 UTC 2026","","Client","",""
"","1","生成時の初期状態が正しいこと","ユニットテスト","Mon Feb 16 06:05:33 UTC 2026","passed","Mon Feb 16 06:05:33 UTC 2026","","Server","",""
"","253","トップへ戻るボタンで / にナビゲートされること","ユニットテスト","Mon Feb 16 06:05:32 UTC 2026","passed","Mon Feb 16 06:05:32 UTC 2026","","Client","",""
"","2","セッションが存在しない場合は何もしないこと","ユニットテスト","Mon Feb 16 06:05:33 UTC 2026","passed","Mon Feb 16 06:05:33 UTC 2026","","Server","",""
"","0","プレイヤーが参加できること","ユニットテスト","Mon Feb 16 06:05:33 UTC 2026","passed","Mon Feb 16 06:05:33 UTC 2026","","Server","",""
"","1","2人で MatchFound が両者に送られること","ユニットテスト","Mon Feb 16 06:05:34 UTC 2026","passed","Mon Feb 16 06:05:34 UTC 2026","","Server","",""
"","0","startedAt が Date インスタンスであること","ユニットテスト","Mon Feb 16 06:05:33 UTC 2026","passed","Mon Feb 16 06:05:33 UTC 2026","","Server","",""
"","0","lock delay is 500ms","ユニットテスト","Mon Feb 16 06:05:22 UTC 2026","passed","Mon Feb 16 06:05:22 UTC 2026","","Shared","",""
"","0","CCW回転時に onFieldUpdate が呼ばれること","ユニットテスト","Mon Feb 16 06:05:24 UTC 2026","passed","Mon Feb 16 06:05:24 UTC 2026","","Client","",""
"","0","countdown is 3 seconds","ユニットテスト","Mon Feb 16 06:05:22 UTC 2026","passed","Mon Feb 16 06:05:22 UTC 2026","","Shared","",""
"","1","value 0 (空セル) でフィールド背景色が返ること","ユニットテスト","Mon Feb 16 06:05:25 UTC 2026","passed","Mon Feb 16 06:05:25 UTC 2026","","Client","",""
"","8","正常な CreateRoom → RoomCreated フローが動くこと","ユニットテスト","Mon Feb 16 06:05:34 UTC 2026","passed","Mon Feb 16 06:05:34 UTC 2026","","Server","",""
"","1","LinesCleared(1) でおじゃまが送られないこと","ユニットテスト","Mon Feb 16 06:05:33 UTC 2026","passed","Mon Feb 16 06:05:33 UTC 2026","","Server","",""
"","1","切断後30秒でタイムアウト敗北が判定されること","ユニットテスト","Mon Feb 16 06:05:33 UTC 2026","passed","Mon Feb 16 06:05:33 UTC 2026","","Server","",""
"","7","onOpponentReconnected ハンドラが呼び出し可能であること","ユニットテスト","Mon Feb 16 06:05:26 UTC 2026","passed","Mon Feb 16 06:05:26 UTC 2026","","Client","",""
"","567","ルームIDの横にCopyボタンが表示されること","chromium","Mon Feb 16 06:08:58 UTC 2026","passed","Mon Feb 16 06:08:59 UTC 2026","ロビーUI詳細","lobby-copy-leave.spec.ts","",""
"","1","[INFORMATIONAL] Storable and Cacheable Content","OWASP ZAP","Mon Feb 16 06:07:16 UTC 2026","passed","Mon Feb 16 06:07:16 UTC 2026","","Alerts","",""
"","1","現在のテトリミノが描画されること","ユニットテスト","Mon Feb 16 06:05:25 UTC 2026","passed","Mon Feb 16 06:05:25 UTC 2026","","Client","",""
"","0","removeConnection で逆引きインデックスが削除されること","ユニットテスト","Mon Feb 16 06:05:34 UTC 2026","passed","Mon Feb 16 06:05:34 UTC 2026","","Server","",""
"","0","不正な状態遷移が拒否されること (Finished → Finished)","ユニットテスト","Mon Feb 16 06:05:33 UTC 2026","passed","Mon Feb 16 06:05:33 UTC 2026","","Server","",""
"","0","setConnectionState で値が更新されること","ユニットテスト","Mon Feb 16 06:05:29 UTC 2026","passed","Mon Feb 16 06:05:29 UTC 2026","","Client","",""
"","5851","敗者にLOSEが表示されること","chromium","Mon Feb 16 06:08:41 UTC 2026","passed","Mon Feb 16 06:08:46 UTC 2026","ゲームオーバー — リザルト画面","game-over.spec.ts","",""
"","1","DAST Scan: No critical findings","OWASP ZAP","Mon Feb 16 06:07:16 UTC 2026","passed","Mon Feb 16 06:07:16 UTC 2026","","Summary","",""
"","1","disconnect() で未接続の場合でもエラーにならないこと","ユニットテスト","Mon Feb 16 06:05:24 UTC 2026","passed","Mon Feb 16 06:05:24 UTC 2026","","Client","",""
"","0","存在しないルームIDで参加がエラーになること","ユニットテスト","Mon Feb 16 06:05:34 UTC 2026","passed","Mon Feb 16 06:05:34 UTC 2026","","Server","",""
"","0","hardDrop: current が null のとき早期リターンすること","ユニットテスト","Mon Feb 16 06:05:24 UTC 2026","passed","Mon Feb 16 06:05:24 UTC 2026","","Client","",""
"","659","ニックネーム入力でボタンが有効化されること","chromium","Mon Feb 16 06:12:09 UTC 2026","passed","Mon Feb 16 06:12:09 UTC 2026","トップページ","top-page.spec.ts","",""
"","0","移動時に onFieldUpdate が呼ばれること","ユニットテスト","Mon Feb 16 06:05:24 UTC 2026","passed","Mon Feb 16 06:05:24 UTC 2026","","Client","",""
"","0","returns 0 when no lines are complete","ユニットテスト","Mon Feb 16 06:05:26 UTC 2026","passed","Mon Feb 16 06:05:26 UTC 2026","","Client","",""
"","212","ルーム作成ボタンクリックで SignalR の CreateRoom が呼ばれること","ユニットテスト","Mon Feb 16 06:05:26 UTC 2026","passed","Mon Feb 16 06:05:26 UTC 2026","","Client","",""
"","1","all codes are numbers","ユニットテスト","Mon Feb 16 06:05:22 UTC 2026","passed","Mon Feb 16 06:05:22 UTC 2026","","Shared","",""
"","1","[FAIL] Render blocking requests","Lighthouse","Mon Feb 16 06:07:13 UTC 2026","failed","Mon Feb 16 06:07:13 UTC 2026","","Failed Audits","",""
"","7748","ハードドロップ複数回後に相手のLinesが同期すること","chromium","Mon Feb 16 06:09:50 UTC 2026","passed","Mon Feb 16 06:09:58 UTC 2026","対戦相手スコア同期","opponent-sync.spec.ts","",""
"","1","フィールドサイズが正しいこと","ユニットテスト","Mon Feb 16 06:05:25 UTC 2026","passed","Mon Feb 16 06:05:25 UTC 2026","","Client","",""
"","1","おじゃまラインがロック時にフィールドに反映されること","ユニットテスト","Mon Feb 16 06:05:24 UTC 2026","passed","Mon Feb 16 06:05:24 UTC 2026","","Client","",""
"","243","存在しないURLで404が表示されること","chromium","Mon Feb 16 06:09:41 UTC 2026","passed","Mon Feb 16 06:09:41 UTC 2026","404 — ページ未検出","not-found.spec.ts","",""
"","0","存在しない connectionId の dequeue は false を返すこと","ユニットテスト","Mon Feb 16 06:05:34 UTC 2026","passed","Mon Feb 16 06:05:34 UTC 2026","","Server","",""
"","47","Canvas 要素がマウントされること","ユニットテスト","Mon Feb 16 06:05:26 UTC 2026","passed","Mon Feb 16 06:05:26 UTC 2026","","Client","",""
"","1","[FAIL] Reduce unused CSS","Lighthouse","Mon Feb 16 06:07:13 UTC 2026","failed","Mon Feb 16 06:07:13 UTC 2026","","Failed Audits","",""
"","85","Ready 後に ""相手の準備を待っています"" テキストが表示されること","ユニットテスト","Mon Feb 16 06:05:28 UTC 2026","passed","Mon Feb 16 06:05:28 UTC 2026","","Client","",""
"","12","engine の onLinesCleared コールバックで sendLinesCleared が呼ばれること","ユニットテスト","Mon Feb 16 06:05:26 UTC 2026","passed","Mon Feb 16 06:05:26 UTC 2026","","Client","",""
"","1","おじゃまブロック (value=8) でグレー色が使われること","ユニットテスト","Mon Feb 16 06:05:25 UTC 2026","passed","Mon Feb 16 06:05:25 UTC 2026","","Client","",""
"","1","[FAIL] Page prevented back/forward cache restoration","Lighthouse","Mon Feb 16 06:07:13 UTC 2026","failed","Mon Feb 16 06:07:13 UTC 2026","","Failed Audits","",""
"","0","getOpponent でプレイヤーが1人しかいない場合に null を返すこと","ユニットテスト","Mon Feb 16 06:05:33 UTC 2026","passed","Mon Feb 16 06:05:33 UTC 2026","","Server","",""
"","2","GameOver で切断タイマーがクリアされること","ユニットテスト","Mon Feb 16 06:05:33 UTC 2026","passed","Mon Feb 16 06:05:33 UTC 2026","","Server","",""
"","1","Bugs: 0","SonarCloud","Mon Feb 16 06:06:59 UTC 2026","passed","Mon Feb 16 06:06:59 UTC 2026","","Reliability","",""
"","2","ライン消去時に onLinesCleared コールバックが呼ばれること","ユニットテスト","Mon Feb 16 06:05:24 UTC 2026","passed","Mon Feb 16 06:05:24 UTC 2026","","Client","",""
"","10","BothReady イベントでカウントダウンが開始されること","ユニットテスト","Mon Feb 16 06:05:28 UTC 2026","passed","Mon Feb 16 06:05:28 UTC 2026","","Client","",""
"","0","current が null のときに updateGrounded で isGrounded が false になること","ユニットテスト","Mon Feb 16 06:05:24 UTC 2026","passed","Mon Feb 16 06:05:24 UTC 2026","","Client","",""
"","158","connect() 失敗でエラーメッセージが表示されること","ユニットテスト","Mon Feb 16 06:05:27 UTC 2026","passed","Mon Feb 16 06:05:27 UTC 2026","","Client","",""
"","1","sendLinesCleared が正しく送信すること","ユニットテスト","Mon Feb 16 06:05:24 UTC 2026","passed","Mon Feb 16 06:05:24 UTC 2026","","Client","",""
"","6","アンマウント時に cancelAnimationFrame が呼ばれること","ユニットテスト","Mon Feb 16 06:05:26 UTC 2026","passed","Mon Feb 16 06:05:26 UTC 2026","","Client","",""
"","0","pressing ""w"" returns rotateCW","ユニットテスト","Mon Feb 16 06:05:24 UTC 2026","passed","Mon Feb 16 06:05:24 UTC 2026","","Client","",""
"","194","JoinRoom 接続失敗でエラーメッセージが表示されること","ユニットテスト","Mon Feb 16 06:05:28 UTC 2026","passed","Mon Feb 16 06:05:29 UTC 2026","","Client","",""
"","5","空フィールドで描画エラーが起きないこと","ユニットテスト","Mon Feb 16 06:05:25 UTC 2026","passed","Mon Feb 16 06:05:25 UTC 2026","","Client","",""
"","0","update() が早期リターンすること","ユニットテスト","Mon Feb 16 06:05:24 UTC 2026","passed","Mon Feb 16 06:05:24 UTC 2026","","Client","",""
"","0","Playing → Finished への遷移が正しいこと","ユニットテスト","Mon Feb 16 06:05:33 UTC 2026","passed","Mon Feb 16 06:05:33 UTC 2026","","Server","",""
"","0","逆引きインデックスにルームIDがあるがルームが削除済みの場合に undefined が返ること","ユニットテスト","Mon Feb 16 06:05:34 UTC 2026","passed","Mon Feb 16 06:05:34 UTC 2026","","Server","",""
"","0","resetForRematch で rematchRequestedBy がクリアされること","ユニットテスト","Mon Feb 16 06:05:33 UTC 2026","passed","Mon Feb 16 06:05:33 UTC 2026","","Server","",""
"","1","ロックディレイリセットが上限回数に達するとリセットされなくなること","ユニットテスト","Mon Feb 16 06:05:24 UTC 2026","passed","Mon Feb 16 06:05:24 UTC 2026","","Client","",""
"","0","Waiting 状態で対戦相手がいない場合の切断でも正常に処理されること","ユニットテスト","Mon Feb 16 06:05:34 UTC 2026","passed","Mon Feb 16 06:05:34 UTC 2026","","Server","",""
"","1","未接続時に send が呼ばれないこと","ユニットテスト","Mon Feb 16 06:05:24 UTC 2026","passed","Mon Feb 16 06:05:24 UTC 2026","","Client","",""
"","0","setGameState で値が更新されること","ユニットテスト","Mon Feb 16 06:05:29 UTC 2026","passed","Mon Feb 16 06:05:29 UTC 2026","","Client","",""
"","3","初期状態でキューが空であること","ユニットテスト","Mon Feb 16 06:05:31 UTC 2026","passed","Mon Feb 16 06:05:31 UTC 2026","","Client","",""
"","1","ホールドサイズが正しいこと","ユニットテスト","Mon Feb 16 06:05:25 UTC 2026","passed","Mon Feb 16 06:05:25 UTC 2026","","Client","",""
"","5962","再戦ボタンで相手にリマッチ通知が表示されること","chromium","Mon Feb 16 06:11:19 UTC 2026","passed","Mon Feb 16 06:11:25 UTC 2026","リザルト — 画面遷移","result-navigation.spec.ts","",""
"","0","reset で初期状態に戻ること","ユニットテスト","Mon Feb 16 06:05:29 UTC 2026","passed","Mon Feb 16 06:05:29 UTC 2026","","Client","",""
"","0","勝敗が正しく設定されること (conn-1 が敗北)","ユニットテスト","Mon Feb 16 06:05:33 UTC 2026","passed","Mon Feb 16 06:05:33 UTC 2026","","Server","",""
"","1","reconnecting 状態が正しく反映されること","ユニットテスト","Mon Feb 16 06:05:24 UTC 2026","passed","Mon Feb 16 06:05:24 UTC 2026","","Client","",""
"","630","ニックネーム16文字でボタンが有効になること","chromium","Mon Feb 16 06:12:03 UTC 2026","passed","Mon Feb 16 06:12:03 UTC 2026","トップページ — ニックネームバリデーション","top-page-validation.spec.ts","",""
"","55","404 テキストが表示されること","ユニットテスト","Mon Feb 16 06:05:32 UTC 2026","passed","Mon Feb 16 06:05:32 UTC 2026","","Client","",""
"","2","FieldUpdate が相手に OpponentFieldUpdate として転送されること","ユニットテスト","Mon Feb 16 06:05:34 UTC 2026","passed","Mon Feb 16 06:05:34 UTC 2026","","Server","",""
"","0","ゴーストピース位置がハードドロップ先と一致すること","ユニットテスト","Mon Feb 16 06:05:24 UTC 2026","passed","Mon Feb 16 06:05:24 UTC 2026","","Client","",""
"","0","Idle 状態で update() が何もしないこと","ユニットテスト","Mon Feb 16 06:05:24 UTC 2026","passed","Mon Feb 16 06:05:24 UTC 2026","","Client","",""
"","1029","相手が参加するとOpponentJoinedが表示されること","chromium","Mon Feb 16 06:09:13 UTC 2026","passed","Mon Feb 16 06:09:14 UTC 2026","ルーム作成→参加→Readyフロー","lobby.spec.ts","",""
"","1","[INFORMATIONAL] Information Disclosure - Suspicious Comments","OWASP ZAP","Mon Feb 16 06:07:16 UTC 2026","passed","Mon Feb 16 06:07:16 UTC 2026","","Alerts","",""
"","1","GameOver で正しい勝者が判定されること","ユニットテスト","Mon Feb 16 06:05:33 UTC 2026","passed","Mon Feb 16 06:05:33 UTC 2026","","Server","",""
"","0","getPlayer で player2 側の connectionId を指定して取得できること","ユニットテスト","Mon Feb 16 06:05:33 UTC 2026","passed","Mon Feb 16 06:05:33 UTC 2026","","Server","",""
"","1822","満員ルームに3人目が参加しようとするとエラーが表示されること","chromium","Mon Feb 16 06:11:47 UTC 2026","passed","Mon Feb 16 06:11:49 UTC 2026","ルーム参加 — エラー系","room-join-errors.spec.ts","",""
"","1","不正ペイロードでは何もしないこと","ユニットテスト","Mon Feb 16 06:05:34 UTC 2026","passed","Mon Feb 16 06:05:34 UTC 2026","","Server","",""
"","137","接続済みの場合 connect() が呼ばれないこと (ensureConnected early return)","ユニットテスト","Mon Feb 16 06:05:27 UTC 2026","passed","Mon Feb 16 06:05:27 UTC 2026","","Client","",""
"","83","Copy 失敗でもクラッシュしないこと","ユニットテスト","Mon Feb 16 06:05:28 UTC 2026","passed","Mon Feb 16 06:05:28 UTC 2026","","Client","",""
"","0","ソフトドロップでスコアが加算されること","ユニットテスト","Mon Feb 16 06:05:24 UTC 2026","passed","Mon Feb 16 06:05:24 UTC 2026","","Client","",""
"","3","0ライン消去 → 0おじゃま","ユニットテスト","Mon Feb 16 06:05:34 UTC 2026","passed","Mon Feb 16 06:05:34 UTC 2026","","Server","",""
"","1","ルームに参加していない場合は何もしないこと","ユニットテスト","Mon Feb 16 06:05:34 UTC 2026","passed","Mon Feb 16 06:05:34 UTC 2026","","Server","",""
"","0","消去ライン数が加算できること","ユニットテスト","Mon Feb 16 06:05:33 UTC 2026","passed","Mon Feb 16 06:05:33 UTC 2026","","Server","",""
"","637","ルームID6桁英数字で参加ボタンが有効であること","chromium","Mon Feb 16 06:12:06 UTC 2026","passed","Mon Feb 16 06:12:07 UTC 2026","トップページ — ルームID参加バリデーション","top-page-validation.spec.ts","",""
"","168","ニックネーム16文字以内ではバリデーションエラーが出ないこと","ユニットテスト","Mon Feb 16 06:05:29 UTC 2026","passed","Mon Feb 16 06:05:29 UTC 2026","","Client","",""
"","0","setResult で対戦結果が設定されること","ユニットテスト","Mon Feb 16 06:05:29 UTC 2026","passed","Mon Feb 16 06:05:29 UTC 2026","","Client","",""
"","0","空白のみが拒否されること","ユニットテスト","Mon Feb 16 06:05:34 UTC 2026","passed","Mon Feb 16 06:05:34 UTC 2026","","Server","",""
"","1","両者 Ready で BothReady が送られること","ユニットテスト","Mon Feb 16 06:05:34 UTC 2026","passed","Mon Feb 16 06:05:34 UTC 2026","","Server","",""
"","0","ネクストキューサイズが正しいこと","ユニットテスト","Mon Feb 16 06:05:25 UTC 2026","passed","Mon Feb 16 06:05:25 UTC 2026","","Client","",""
"","1","stops DAS actions when key is released","ユニットテスト","Mon Feb 16 06:05:24 UTC 2026","passed","Mon Feb 16 06:05:24 UTC 2026","","Client","",""
"","0","ルームに参加していない場合は何もしないこと","ユニットテスト","Mon Feb 16 06:05:34 UTC 2026","passed","Mon Feb 16 06:05:34 UTC 2026","","Server","",""
"","1","Error イベントでハンドラが呼ばれること","ユニットテスト","Mon Feb 16 06:05:24 UTC 2026","passed","Mon Feb 16 06:05:24 UTC 2026","","Client","",""
"","1","stops SoftDrop when key is released","ユニットテスト","Mon Feb 16 06:05:24 UTC 2026","passed","Mon Feb 16 06:05:24 UTC 2026","","Client","",""
"","0","不正な状態遷移が拒否されること (Ready → Finished)","ユニットテスト","Mon Feb 16 06:05:33 UTC 2026","passed","Mon Feb 16 06:05:33 UTC 2026","","Server","",""
"","1463","A-3: ルーム作成者が退出後に別の人が参加 → エラー","chromium","Mon Feb 16 06:11:37 UTC 2026","passed","Mon Feb 16 06:11:38 UTC 2026","ルーム競合・同時操作","room-concurrency.spec.ts","",""
"","214","17文字以上入力でバリデーションエラーが表示されること","ユニットテスト","Mon Feb 16 06:05:26 UTC 2026","passed","Mon Feb 16 06:05:26 UTC 2026","","Client","",""
"","546","ルーム作成後にルームIDが表示されること","chromium","Mon Feb 16 06:09:12 UTC 2026","passed","Mon Feb 16 06:09:13 UTC 2026","ルーム作成→参加→Readyフロー","lobby.spec.ts","",""
"","1","Quality Gate: ERROR","SonarCloud","Mon Feb 16 06:06:59 UTC 2026","failed","Mon Feb 16 06:06:59 UTC 2026","","Quality Gate","",""
"","1","不正ペイロード (null) では何もしないこと","ユニットテスト","Mon Feb 16 06:05:34 UTC 2026","passed","Mon Feb 16 06:05:34 UTC 2026","","Server","",""
"","0","反時計回り回転でテトリミノの回転状態が変わること (CCW)","ユニットテスト","Mon Feb 16 06:05:24 UTC 2026","passed","Mon Feb 16 06:05:24 UTC 2026","","Client","",""
"","0","returns fastest for level beyond table","ユニットテスト","Mon Feb 16 06:05:22 UTC 2026","passed","Mon Feb 16 06:05:22 UTC 2026","","Shared","",""
"","1","背景にradialGradientが使われること","ユニットテスト","Mon Feb 16 06:05:25 UTC 2026","passed","Mon Feb 16 06:05:25 UTC 2026","","Client","",""
"","2","each type has exactly 4 rotation states","ユニットテスト","Mon Feb 16 06:05:30 UTC 2026","passed","Mon Feb 16 06:05:30 UTC 2026","","Client","",""
"","1","セッション開始でルームが Playing になること","ユニットテスト","Mon Feb 16 06:05:33 UTC 2026","passed","Mon Feb 16 06:05:33 UTC 2026","","Server","",""
"","1","reset で初期状態に戻ること","ユニットテスト","Mon Feb 16 06:05:29 UTC 2026","passed","Mon Feb 16 06:05:29 UTC 2026","","Client","",""
"","0","底にいるときのソフトドロップでスコアが加算されないこと","ユニットテスト","Mon Feb 16 06:05:24 UTC 2026","passed","Mon Feb 16 06:05:24 UTC 2026","","Client","",""
"","0","バッグが空の状態から next() を呼ぶと新しいバッグが生成されること","ユニットテスト","Mon Feb 16 06:05:28 UTC 2026","passed","Mon Feb 16 06:05:28 UTC 2026","","Client","",""
"","8733","B-5: ランダムマッチ待機中に切断 → ゴーストマッチ防止","E2Eテスト","Mon Feb 16 06:13:24 UTC 2026","passed","Mon Feb 16 06:13:33 UTC 2026","ランダムマッチ複数人","random-match-multi.spec.ts","",""
"","1","空の相手フィールドでエラーにならないこと","ユニットテスト","Mon Feb 16 06:05:25 UTC 2026","passed","Mon Feb 16 06:05:25 UTC 2026","","Client","",""
"","1","allows once-per-press actions to fire again","ユニットテスト","Mon Feb 16 06:05:24 UTC 2026","passed","Mon Feb 16 06:05:24 UTC 2026","","Client","",""
"","1","sendGameOver が送信されること","ユニットテスト","Mon Feb 16 06:05:24 UTC 2026","passed","Mon Feb 16 06:05:24 UTC 2026","","Client","",""
"","0","新しいシードでリセットすると異なるシーケンスが生成されること","ユニットテスト","Mon Feb 16 06:05:28 UTC 2026","passed","Mon Feb 16 06:05:28 UTC 2026","","Client","",""
"","1110","カウントダウン中にReadyボタンが非表示","chromium","Mon Feb 16 06:07:32 UTC 2026","passed","Mon Feb 16 06:07:33 UTC 2026","カウントダウン詳細","countdown-flow.spec.ts","",""
"","659","トップへ戻るボタンでトップページへ遷移すること","chromium","Mon Feb 16 06:09:41 UTC 2026","passed","Mon Feb 16 06:09:42 UTC 2026","404 — ページ未検出","not-found.spec.ts","",""
"","1","2人追加でマッチが成立し、ルームが作成されること","ユニットテスト","Mon Feb 16 06:05:34 UTC 2026","passed","Mon Feb 16 06:05:34 UTC 2026","","Server","",""
"","0","setReady で isReady が true になること","ユニットテスト","Mon Feb 16 06:05:33 UTC 2026","passed","Mon Feb 16 06:05:33 UTC 2026","","Server","",""
"","0","areBothReady で player1 が null の場合に false を返すこと","ユニットテスト","Mon Feb 16 06:05:33 UTC 2026","passed","Mon Feb 16 06:05:33 UTC 2026","","Server","",""
"","1","ネクスト3つが描画されること","ユニットテスト","Mon Feb 16 06:05:25 UTC 2026","passed","Mon Feb 16 06:05:25 UTC 2026","","Client","",""
"","1","Moderate: 0","npm audit","Mon Feb 16 06:05:10 UTC 2026","passed","Mon Feb 16 06:05:10 UTC 2026","","By Severity","",""
"","0","ライン消去スコアにレベル倍率が適用されること","ユニットテスト","Mon Feb 16 06:05:24 UTC 2026","passed","Mon Feb 16 06:05:24 UTC 2026","","Client","",""
"","0","pressing ""c"" returns hold","ユニットテスト","Mon Feb 16 06:05:24 UTC 2026","passed","Mon Feb 16 06:05:24 UTC 2026","","Client","",""
"","1","fires again after release and re-press","ユニットテスト","Mon Feb 16 06:05:24 UTC 2026","passed","Mon Feb 16 06:05:24 UTC 2026","","Client","",""
"","0","has entries for 0 through 4 lines","ユニットテスト","Mon Feb 16 06:05:22 UTC 2026","passed","Mon Feb 16 06:05:22 UTC 2026","","Shared","",""
"","0","resetForRematch で status が Waiting に戻ること","ユニットテスト","Mon Feb 16 06:05:33 UTC 2026","passed","Mon Feb 16 06:05:33 UTC 2026","","Server","",""
"","1","対戦相手がいない場合は何もしないこと","ユニットテスト","Mon Feb 16 06:05:34 UTC 2026","passed","Mon Feb 16 06:05:34 UTC 2026","","Server","",""
"","6529","BD-4: ランダムマッチ → リマッチ要求後に相手が退出 → トップに遷移","E2Eテスト","Mon Feb 16 06:14:54 UTC 2026","passed","Mon Feb 16 06:15:00 UTC 2026","ランダムマッチ 切断テスト","random-match-disconnect.spec.ts","",""
"","1","禁止ニックネームで Error が返ること","ユニットテスト","Mon Feb 16 06:05:34 UTC 2026","passed","Mon Feb 16 06:05:34 UTC 2026","","Server","",""
"","2","peek(3) で次の3つのピースを先読みできること (消費しない)","ユニットテスト","Mon Feb 16 06:05:28 UTC 2026","passed","Mon Feb 16 06:05:28 UTC 2026","","Client","",""
"","1","回転でテトリミノの回転状態が変わること","ユニットテスト","Mon Feb 16 06:05:24 UTC 2026","passed","Mon Feb 16 06:05:24 UTC 2026","","Client","",""
"","3","defines all client-to-server event names","ユニットテスト","Mon Feb 16 06:05:22 UTC 2026","passed","Mon Feb 16 06:05:22 UTC 2026","","Shared","",""
"","1","OpponentFieldUpdate イベントでハンドラが呼ばれること","ユニットテスト","Mon Feb 16 06:05:24 UTC 2026","passed","Mon Feb 16 06:05:24 UTC 2026","","Client","",""
"","1057","BE-3: 同じニックネームの2人がランダムマッチ → 正常にマッチ","E2Eテスト","Mon Feb 16 06:15:11 UTC 2026","passed","Mon Feb 16 06:15:12 UTC 2026","ランダムマッチ エッジケース","random-match-edge.spec.ts","",""
"","1","30秒以内の再接続でセッションが継続すること","ユニットテスト","Mon Feb 16 06:05:33 UTC 2026","passed","Mon Feb 16 06:05:33 UTC 2026","","Server","",""
"","2","50ms 以内の連続送信が間引かれること","ユニットテスト","Mon Feb 16 06:05:24 UTC 2026","passed","Mon Feb 16 06:05:24 UTC 2026","","Client","",""
"","1","ブロックがあるセルで fillRect が追加で呼ばれること","ユニットテスト","Mon Feb 16 06:05:25 UTC 2026","passed","Mon Feb 16 06:05:25 UTC 2026","","Client","",""
"","1","[LOW] Permissions Policy Header Not Set","OWASP ZAP","Mon Feb 16 06:07:16 UTC 2026","passed","Mon Feb 16 06:07:16 UTC 2026","","Alerts","",""
"","1","マッチ成立後にキューが空になること","ユニットテスト","Mon Feb 16 06:05:34 UTC 2026","passed","Mon Feb 16 06:05:34 UTC 2026","","Server","",""
"","1","High: 0","npm audit","Mon Feb 16 06:05:10 UTC 2026","passed","Mon Feb 16 06:05:10 UTC 2026","","By Severity","",""
"","0","LINE_CLEAR_SCORES のフォールバック (存在しないインデックス) で0になること","ユニットテスト","Mon Feb 16 06:05:24 UTC 2026","passed","Mon Feb 16 06:05:24 UTC 2026","","Client","",""
"","0","setOpponentRematchRequested で値が更新されること","ユニットテスト","Mon Feb 16 06:05:29 UTC 2026","passed","Mon Feb 16 06:05:29 UTC 2026","","Client","",""
"","1","clears a single complete line","ユニットテスト","Mon Feb 16 06:05:26 UTC 2026","passed","Mon Feb 16 06:05:26 UTC 2026","","Client","",""
"","1","has all required actions","ユニットテスト","Mon Feb 16 06:05:22 UTC 2026","passed","Mon Feb 16 06:05:22 UTC 2026","","Shared","",""
"","5832","勝者にWINが表示されること","chromium","Mon Feb 16 06:08:46 UTC 2026","passed","Mon Feb 16 06:08:52 UTC 2026","ゲームオーバー — リザルト画面","game-over.spec.ts","",""
"","1","生成時の初期状態が正しいこと","ユニットテスト","Mon Feb 16 06:05:33 UTC 2026","passed","Mon Feb 16 06:05:33 UTC 2026","","Server","",""
"","257","JoinRoom の onOpponentJoined ハンドラでロビーにナビゲートされること","ユニットテスト","Mon Feb 16 06:05:28 UTC 2026","passed","Mon Feb 16 06:05:28 UTC 2026","","Client","",""
"","7","スコアボードが表示されること","ユニットテスト","Mon Feb 16 06:05:26 UTC 2026","passed","Mon Feb 16 06:05:26 UTC 2026","","Client","",""
"","7","存在しないパスで 404 が表示されること","ユニットテスト","Mon Feb 16 06:05:31 UTC 2026","passed","Mon Feb 16 06:05:31 UTC 2026","","Client","",""
"","1","ハードドロップでテトリミノが即座にロックされること","ユニットテスト","Mon Feb 16 06:05:24 UTC 2026","passed","Mon Feb 16 06:05:24 UTC 2026","","Client","",""
"","1","タイムアウト時にルームが存在しない場合は何もしないこと","ユニットテスト","Mon Feb 16 06:05:33 UTC 2026","passed","Mon Feb 16 06:05:33 UTC 2026","","Server","",""
"","0","rejects placement below floor","ユニットテスト","Mon Feb 16 06:05:26 UTC 2026","passed","Mon Feb 16 06:05:26 UTC 2026","","Client","",""
"","1","peek(10) でバッグを超える先読みで追加バッグが生成されること","ユニットテスト","Mon Feb 16 06:05:28 UTC 2026","passed","Mon Feb 16 06:05:28 UTC 2026","","Client","",""
"","596","フロントエンドが表示されること","chromium","Mon Feb 16 06:09:58 UTC 2026","passed","Mon Feb 16 06:09:59 UTC 2026","本番スモークテスト","production-smoke.spec.ts","",""
"","0","ルームに参加していない場合は何もしないこと","ユニットテスト","Mon Feb 16 06:05:34 UTC 2026","passed","Mon Feb 16 06:05:34 UTC 2026","","Server","",""
"","0","lock delay max resets is 15","ユニットテスト","Mon Feb 16 06:05:22 UTC 2026","passed","Mon Feb 16 06:05:22 UTC 2026","","Shared","",""
"","1","存在しないルームIDで Error が返ること","ユニットテスト","Mon Feb 16 06:05:34 UTC 2026","passed","Mon Feb 16 06:05:34 UTC 2026","","Server","",""
"","57","同じIDが重複生成されないこと","ユニットテスト","Mon Feb 16 06:05:34 UTC 2026","passed","Mon Feb 16 06:05:34 UTC 2026","","Server","",""
"","1","不正ペイロードでは転送されないこと","ユニットテスト","Mon Feb 16 06:05:34 UTC 2026","passed","Mon Feb 16 06:05:34 UTC 2026","","Server","",""
"","0","存在しない connectionId で getLinesCleared が 0 を返すこと","ユニットテスト","Mon Feb 16 06:05:33 UTC 2026","passed","Mon Feb 16 06:05:33 UTC 2026","","Server","",""
"","1927","G-1: ルーム作成後にトップページのリストに表示される","chromium","Mon Feb 16 06:12:09 UTC 2026","passed","Mon Feb 16 06:12:11 UTC 2026","待機中ルームリスト","waiting-room-list.spec.ts","",""
"","165","ランダムマッチボタンで JoinRandomMatch が呼ばれること","ユニットテスト","Mon Feb 16 06:05:27 UTC 2026","passed","Mon Feb 16 06:05:27 UTC 2026","","Client","",""
"","1","each level is faster than or equal to the previous","ユニットテスト","Mon Feb 16 06:05:22 UTC 2026","passed","Mon Feb 16 06:05:22 UTC 2026","","Shared","",""
"","1","Informational Risk: 4","OWASP ZAP","Mon Feb 16 06:07:16 UTC 2026","passed","Mon Feb 16 06:07:16 UTC 2026","","By Risk Level","",""
"","0","マッチメイキング待機中の切断でキューから削除されること","ユニットテスト","Mon Feb 16 06:05:34 UTC 2026","passed","Mon Feb 16 06:05:34 UTC 2026","","Server","",""
"","1","ArrowLeft を離しても ""a"" が押されていれば DAS が継続すること","ユニットテスト","Mon Feb 16 06:05:24 UTC 2026","passed","Mon Feb 16 06:05:24 UTC 2026","","Client","",""
"","1","updateState が同じ状態の場合にコールバックが呼ばれないこと","ユニットテスト","Mon Feb 16 06:05:24 UTC 2026","passed","Mon Feb 16 06:05:24 UTC 2026","","Client","",""
"","65","タイトルが表示されること","ユニットテスト","Mon Feb 16 06:05:26 UTC 2026","passed","Mon Feb 16 06:05:26 UTC 2026","","Client","",""
"","0","ホールド時に onFieldUpdate が呼ばれること","ユニットテスト","Mon Feb 16 06:05:24 UTC 2026","passed","Mon Feb 16 06:05:24 UTC 2026","","Client","",""
"","10","onOpponentDisconnected ハンドラが呼び出し可能であること","ユニットテスト","Mon Feb 16 06:05:26 UTC 2026","passed","Mon Feb 16 06:05:26 UTC 2026","","Client","",""
"","0","CCW: 0→3→2→1→0","ユニットテスト","Mon Feb 16 06:05:30 UTC 2026","passed","Mon Feb 16 06:05:30 UTC 2026","","Client","",""
"","7997","ソフトドロップでスコアが増加すること","E2Eテスト","Mon Feb 16 06:06:37 UTC 2026","passed","Mon Feb 16 06:06:45 UTC 2026","対戦 — 操作テスト","battle-controls.spec.ts","",""
"","556","ルームIDが6桁英数字形式であること","chromium","Mon Feb 16 06:09:04 UTC 2026","passed","Mon Feb 16 06:09:04 UTC 2026","ロビー — 拡張テスト","lobby-extended.spec.ts","",""
"","1","左右移動でテトリミノの位置が変わること","ユニットテスト","Mon Feb 16 06:05:24 UTC 2026","passed","Mon Feb 16 06:05:24 UTC 2026","","Client","",""
"","2","field is 10 columns x 20 rows","ユニットテスト","Mon Feb 16 06:05:22 UTC 2026","passed","Mon Feb 16 06:05:22 UTC 2026","","Shared","",""
"","0","rejects placement outside left wall","ユニットテスト","Mon Feb 16 06:05:26 UTC 2026","passed","Mon Feb 16 06:05:26 UTC 2026","","Client","",""
"","167","onRoomCreated ハンドラでロビーにナビゲートされること","ユニットテスト","Mon Feb 16 06:05:27 UTC 2026","passed","Mon Feb 16 06:05:28 UTC 2026","","Client","",""
"","1","clears all key state","ユニットテスト","Mon Feb 16 06:05:24 UTC 2026","passed","Mon Feb 16 06:05:24 UTC 2026","","Client","",""
"","286","再戦ボタンクリックで RequestRematch が送信されること","ユニットテスト","Mon Feb 16 06:05:29 UTC 2026","passed","Mon Feb 16 06:05:29 UTC 2026","","Client","",""
"","3","生成時のデフォルト状態が正しいこと","ユニットテスト","Mon Feb 16 06:05:33 UTC 2026","passed","Mon Feb 16 06:05:33 UTC 2026","","Server","",""
"","0","切断で player.disconnect() が呼ばれること","ユニットテスト","Mon Feb 16 06:05:34 UTC 2026","passed","Mon Feb 16 06:05:34 UTC 2026","","Server","",""
"","6375","ランダムマッチ→対戦→結果→トップの完全フロー","chromium","Mon Feb 16 06:08:22 UTC 2026","passed","Mon Feb 16 06:08:28 UTC 2026","完全ゲームサイクル","full-game-cycle.spec.ts","",""
"","604","ニックネーム入力フォームが表示されること","chromium","Mon Feb 16 06:12:07 UTC 2026","passed","Mon Feb 16 06:12:08 UTC 2026","トップページ","top-page.spec.ts","",""
"","1","キュー削除後にマッチに含まれないこと","ユニットテスト","Mon Feb 16 06:05:34 UTC 2026","passed","Mon Feb 16 06:05:34 UTC 2026","","Server","",""
"","5740","ハードドロップ後に相手のスコアが更新されること","chromium","Mon Feb 16 06:07:12 UTC 2026","passed","Mon Feb 16 06:07:18 UTC 2026","対戦相手表示","battle-opponent.spec.ts","",""
"","0","hold ピースが null であること","ユニットテスト","Mon Feb 16 06:05:24 UTC 2026","passed","Mon Feb 16 06:05:24 UTC 2026","","Client","",""
"","1","JLSTZ wall kick has all 8 transitions","ユニットテスト","Mon Feb 16 06:05:30 UTC 2026","passed","Mon Feb 16 06:05:30 UTC 2026","","Client","",""
"","0","has all required states","ユニットテスト","Mon Feb 16 06:05:22 UTC 2026","passed","Mon Feb 16 06:05:22 UTC 2026","","Shared","",""
"","1","all values are positive","ユニットテスト","Mon Feb 16 06:05:22 UTC 2026","passed","Mon Feb 16 06:05:22 UTC 2026","","Shared","",""
"","1","既に接続済みの場合 connect() で既存接続が切断されること","ユニットテスト","Mon Feb 16 06:05:24 UTC 2026","passed","Mon Feb 16 06:05:24 UTC 2026","","Client","",""
"","162","onMatchFound ハンドラでロビーにナビゲートされること","ユニットテスト","Mon Feb 16 06:05:28 UTC 2026","passed","Mon Feb 16 06:05:28 UTC 2026","","Client","",""
"","0","has correct state progression values","ユニットテスト","Mon Feb 16 06:05:22 UTC 2026","passed","Mon Feb 16 06:05:22 UTC 2026","","Shared","",""
"","2409","G-3: ルーム満員でリストから消える","chromium","Mon Feb 16 06:12:13 UTC 2026","passed","Mon Feb 16 06:12:15 UTC 2026","待機中ルームリスト","waiting-room-list.spec.ts","",""
"","3","正常なニックネームが通過すること","ユニットテスト","Mon Feb 16 06:05:34 UTC 2026","passed","Mon Feb 16 06:05:34 UTC 2026","","Server","",""
"","1","ゲームオーバー時に onGameOver コールバックが呼ばれること","ユニットテスト","Mon Feb 16 06:05:24 UTC 2026","passed","Mon Feb 16 06:05:24 UTC 2026","","Client","",""
"","1","LinesCleared(4) で相手に ReceiveGarbage(4) が送られること","ユニットテスト","Mon Feb 16 06:05:34 UTC 2026","passed","Mon Feb 16 06:05:34 UTC 2026","","Server","",""
"","0","peek(0) で空配列を返すこと","ユニットテスト","Mon Feb 16 06:05:28 UTC 2026","passed","Mon Feb 16 06:05:28 UTC 2026","","Client","",""
"","1","disconnect でスロットルタイマーがクリアされること","ユニットテスト","Mon Feb 16 06:05:24 UTC 2026","passed","Mon Feb 16 06:05:24 UTC 2026","","Client","",""
"","18","pendingGarbage > 0 の場合にガーベジバーのフィルが表示されること","ユニットテスト","Mon Feb 16 06:05:26 UTC 2026","passed","Mon Feb 16 06:05:26 UTC 2026","","Client","",""
"","1","Vulnerabilities: 0","SonarCloud","Mon Feb 16 06:06:59 UTC 2026","passed","Mon Feb 16 06:06:59 UTC 2026","","Security","",""
"","1","不正ペイロードで Error が返ること","ユニットテスト","Mon Feb 16 06:05:34 UTC 2026","passed","Mon Feb 16 06:05:34 UTC 2026","","Server","",""
"","79","退出ボタンで sendLeaveRoom とナビゲートが呼ばれること","ユニットテスト","Mon Feb 16 06:05:28 UTC 2026","passed","Mon Feb 16 06:05:28 UTC 2026","","Client","",""
"","4","setOpponentField で相手フィールドと統計が更新されること","ユニットテスト","Mon Feb 16 06:05:29 UTC 2026","passed","Mon Feb 16 06:05:29 UTC 2026","","Client","",""
"","3","接続失敗で disconnected になること","ユニットテスト","Mon Feb 16 06:05:24 UTC 2026","passed","Mon Feb 16 06:05:24 UTC 2026","","Client","",""
"","0","has at least 15 levels defined","ユニットテスト","Mon Feb 16 06:05:22 UTC 2026","passed","Mon Feb 16 06:05:22 UTC 2026","","Shared","",""
"","53","ルームIDが画面に表示されること","ユニットテスト","Mon Feb 16 06:05:27 UTC 2026","passed","Mon Feb 16 06:05:27 UTC 2026","","Client","",""
"","1","values are 1 through 7 (0 is reserved for empty)","ユニットテスト","Mon Feb 16 06:05:22 UTC 2026","passed","Mon Feb 16 06:05:22 UTC 2026","","Shared","",""
"","9","seed が null の場合でもエンジンが初期化されること","ユニットテスト","Mon Feb 16 06:05:26 UTC 2026","passed","Mon Feb 16 06:05:26 UTC 2026","","Client","",""
"","1","OpponentDisconnected イベントでハンドラが呼ばれること","ユニットテスト","Mon Feb 16 06:05:24 UTC 2026","passed","Mon Feb 16 06:05:24 UTC 2026","","Client","",""
"","1","sendJoinRoom が正しく送信すること","ユニットテスト","Mon Feb 16 06:05:24 UTC 2026","passed","Mon Feb 16 06:05:24 UTC 2026","","Client","",""
"","7208","B-6: ランダムマッチ対戦後に再度ランダムマッチ → 正常にマッチ","E2Eテスト","Mon Feb 16 06:13:33 UTC 2026","passed","Mon Feb 16 06:13:40 UTC 2026","ランダムマッチ複数人","random-match-multi.spec.ts","",""
"","0","ホールドで次のテトリミノに交代すること","ユニットテスト","Mon Feb 16 06:05:24 UTC 2026","passed","Mon Feb 16 06:05:24 UTC 2026","","Client","",""
"","1","接地済みの状態で自動落下が失敗した場合、再度接地状態にならないこと (tryMoveDown already grounded)","ユニットテスト","Mon Feb 16 06:05:24 UTC 2026","passed","Mon Feb 16 06:05:24 UTC 2026","","Client","",""
"","0","pressing "" "" returns hardDrop","ユニットテスト","Mon Feb 16 06:05:24 UTC 2026","passed","Mon Feb 16 06:05:24 UTC 2026","","Client","",""
"","0","returns I kick data for I mino","ユニットテスト","Mon Feb 16 06:05:30 UTC 2026","passed","Mon Feb 16 06:05:30 UTC 2026","","Client","",""
"","27","health endpoint returns ok","ユニットテスト","Mon Feb 16 06:05:34 UTC 2026","passed","Mon Feb 16 06:05:34 UTC 2026","","Server","",""
"","9178","BL-4: ランダムマッチ → 対戦 → 結果 → リマッチ → Ready → 再対戦 → スコア0リセット","E2Eテスト","Mon Feb 16 06:13:59 UTC 2026","passed","Mon Feb 16 06:14:08 UTC 2026","ランダムマッチ ライフサイクル","random-match-lifecycle.spec.ts","",""
"","7","スコアボードに初期値が表示されること","ユニットテスト","Mon Feb 16 06:05:26 UTC 2026","passed","Mon Feb 16 06:05:26 UTC 2026","","Client","",""
"","617","トップページにゲームタイトルが表示されること","chromium","Mon Feb 16 06:12:02 UTC 2026","passed","Mon Feb 16 06:12:02 UTC 2026","","smoke.spec.ts","",""
"","0","ゲームオーバー時に isGrounded が false に設定されること","ユニットテスト","Mon Feb 16 06:05:24 UTC 2026","passed","Mon Feb 16 06:05:24 UTC 2026","","Client","",""
"","9","opponentNickname が null の場合に ""Opponent"" が表示されること","ユニットテスト","Mon Feb 16 06:05:26 UTC 2026","passed","Mon Feb 16 06:05:26 UTC 2026","","Client","",""
"","1","[FAIL] Largest Contentful Paint element","Lighthouse","Mon Feb 16 06:07:13 UTC 2026","failed","Mon Feb 16 06:07:13 UTC 2026","","Failed Audits","",""
"","1","disconnect() で disconnected になること","ユニットテスト","Mon Feb 16 06:05:24 UTC 2026","passed","Mon Feb 16 06:05:24 UTC 2026","","Client","",""
"","0","CW: 0→1→2→3→0","ユニットテスト","Mon Feb 16 06:05:30 UTC 2026","passed","Mon Feb 16 06:05:30 UTC 2026","","Client","",""
"","0","17文字以上が拒否されること","ユニットテスト","Mon Feb 16 06:05:34 UTC 2026","passed","Mon Feb 16 06:05:34 UTC 2026","","Server","",""
"","1","defines all server-to-client event names","ユニットテスト","Mon Feb 16 06:05:22 UTC 2026","passed","Mon Feb 16 06:05:22 UTC 2026","","Shared","",""
"","1","相手フィールドが描画されること","ユニットテスト","Mon Feb 16 06:05:25 UTC 2026","passed","Mon Feb 16 06:05:25 UTC 2026","","Client","",""
"","1","npm audit: Clean","Security Dashboard","Mon Feb 16 06:16:11 UTC 2026","passed","Mon Feb 16 06:16:11 UTC 2026","","Tool Status","",""
"","0","1文字が許可されること","ユニットテスト","Mon Feb 16 06:05:34 UTC 2026","passed","Mon Feb 16 06:05:34 UTC 2026","","Server","",""
"","0","getOpponent で対戦相手を取得できること","ユニットテスト","Mon Feb 16 06:05:33 UTC 2026","passed","Mon Feb 16 06:05:33 UTC 2026","","Server","",""
"","1","Security Hotspots: 0","SonarCloud","Mon Feb 16 06:06:59 UTC 2026","passed","Mon Feb 16 06:06:59 UTC 2026","","Security","",""
"","0","ホールドで現在のテトリミノが保持されること","ユニットテスト","Mon Feb 16 06:05:24 UTC 2026","passed","Mon Feb 16 06:05:24 UTC 2026","","Client","",""
"","83","ルームID入力が大文字に変換されること","ユニットテスト","Mon Feb 16 06:05:29 UTC 2026","passed","Mon Feb 16 06:05:29 UTC 2026","","Client","",""
"","0","start: seed が undefined の場合に bag.reset が呼ばれないこと","ユニットテスト","Mon Feb 16 06:05:24 UTC 2026","passed","Mon Feb 16 06:05:24 UTC 2026","","Client","",""
"","2259","BE-1: ランダムマッチ → ロビーで退出 → すぐに再度ランダムマッチ → 正常にマッチ","E2Eテスト","Mon Feb 16 06:15:01 UTC 2026","passed","Mon Feb 16 06:15:04 UTC 2026","ランダムマッチ エッジケース","random-match-edge.spec.ts","",""
"","1","peek(14) で2バッグ分を先読みできること","ユニットテスト","Mon Feb 16 06:05:28 UTC 2026","passed","Mon Feb 16 06:05:28 UTC 2026","","Client","",""
"","1","50ms 経過後は再び即時送信されること","ユニットテスト","Mon Feb 16 06:05:24 UTC 2026","passed","Mon Feb 16 06:05:24 UTC 2026","","Client","",""
"","1","OpponentRematch イベントでハンドラが呼ばれること","ユニットテスト","Mon Feb 16 06:05:24 UTC 2026","passed","Mon Feb 16 06:05:24 UTC 2026","","Client","",""
"","0","Ready → Playing への遷移が正しいこと","ユニットテスト","Mon Feb 16 06:05:33 UTC 2026","passed","Mon Feb 16 06:05:33 UTC 2026","","Server","",""
"","90","/ でトップ画面が表示されること","ユニットテスト","Mon Feb 16 06:05:31 UTC 2026","passed","Mon Feb 16 06:05:31 UTC 2026","","Client","",""
"","1","clears all cells","ユニットテスト","Mon Feb 16 06:05:26 UTC 2026","passed","Mon Feb 16 06:05:26 UTC 2026","","Client","",""
"","686","バックエンドAPIのヘルスチェック","chromium","Mon Feb 16 06:10:00 UTC 2026","passed","Mon Feb 16 06:10:00 UTC 2026","本番スモークテスト","production-smoke.spec.ts","",""
"","1","タイムアウト時にセッションが既に終了済みの場合は何もしないこと","ユニットテスト","Mon Feb 16 06:05:33 UTC 2026","passed","Mon Feb 16 06:05:33 UTC 2026","","Server","",""
"","0","reconnect で connectionId が更新され isConnected が true になること","ユニットテスト","Mon Feb 16 06:05:33 UTC 2026","passed","Mon Feb 16 06:05:33 UTC 2026","","Server","",""
"","1","[FAIL] Max Potential First Input Delay","Lighthouse","Mon Feb 16 06:07:13 UTC 2026","failed","Mon Feb 16 06:07:13 UTC 2026","","Failed Audits","",""
"","9233","リマッチ後のロビーでReady→再対戦できること","chromium","Mon Feb 16 06:10:30 UTC 2026","passed","Mon Feb 16 06:10:39 UTC 2026","リマッチシナリオ","rematch-scenario.spec.ts","",""
"","6074","片方のみReadyではカウントダウンが始まらないこと","chromium","Mon Feb 16 06:09:06 UTC 2026","passed","Mon Feb 16 06:09:12 UTC 2026","ロビー — 拡張テスト","lobby-extended.spec.ts","",""
"","1","RoomCreated イベントでハンドラが呼ばれること","ユニットテスト","Mon Feb 16 06:05:24 UTC 2026","passed","Mon Feb 16 06:05:24 UTC 2026","","Client","",""
"","5","OpponentDisconnected 時にカウントダウンが未開始でもクラッシュしないこと","ユニットテスト","Mon Feb 16 06:05:28 UTC 2026","passed","Mon Feb 16 06:05:28 UTC 2026","","Client","",""
"","0","不正な状態遷移が拒否されること (Finished → Ready)","ユニットテスト","Mon Feb 16 06:05:33 UTC 2026","passed","Mon Feb 16 06:05:33 UTC 2026","","Server","",""
"","0","pushes existing blocks upward","ユニットテスト","Mon Feb 16 06:05:26 UTC 2026","passed","Mon Feb 16 06:05:26 UTC 2026","","Client","",""
"","5104","ホールド操作後にハードドロップでスコアが増加すること","E2Eテスト","Mon Feb 16 06:06:57 UTC 2026","passed","Mon Feb 16 06:07:02 UTC 2026","対戦 — 操作テスト","battle-controls.spec.ts","",""
"","0","大きなdt で複数回の自動落下が発生すること (while ループ)","ユニットテスト","Mon Feb 16 06:05:24 UTC 2026","passed","Mon Feb 16 06:05:24 UTC 2026","","Client","",""
"","6","相手の再戦要求が表示されること","ユニットテスト","Mon Feb 16 06:05:30 UTC 2026","passed","Mon Feb 16 06:05:30 UTC 2026","","Client","",""
"","1","セッションが存在しない場合は何もしないこと","ユニットテスト","Mon Feb 16 06:05:33 UTC 2026","passed","Mon Feb 16 06:05:33 UTC 2026","","Server","",""
"","8","creates an empty grid of FIELD_ROWS_BUFFER x FIELD_COLS","ユニットテスト","Mon Feb 16 06:05:26 UTC 2026","passed","Mon Feb 16 06:05:26 UTC 2026","","Client","",""
"","3668","B-3: 4人がランダムマッチ → 2組のペアが独立してマッチ","E2Eテスト","Mon Feb 16 06:13:17 UTC 2026","passed","Mon Feb 16 06:13:21 UTC 2026","ランダムマッチ複数人","random-match-multi.spec.ts","",""
"","0","LOCK_DELAY_MS 経過後にロックされること","ユニットテスト","Mon Feb 16 06:05:24 UTC 2026","passed","Mon Feb 16 06:05:24 UTC 2026","","Client","",""
"","1","I wall kick has all 8 transitions","ユニットテスト","Mon Feb 16 06:05:30 UTC 2026","passed","Mon Feb 16 06:05:30 UTC 2026","","Client","",""
"","5850","勝者からのリマッチ要求が敗者に通知されること","chromium","Mon Feb 16 06:10:18 UTC 2026","passed","Mon Feb 16 06:10:24 UTC 2026","リマッチシナリオ","rematch-scenario.spec.ts","",""
"","7","コンポーネントアンマウント時にカウントダウンタイマーがクリアされること","ユニットテスト","Mon Feb 16 06:05:28 UTC 2026","passed","Mon Feb 16 06:05:28 UTC 2026","","Client","",""
"","1","handleAction: current が null のとき早期リターンすること","ユニットテスト","Mon Feb 16 06:05:24 UTC 2026","passed","Mon Feb 16 06:05:24 UTC 2026","","Client","",""
"","4","最初の7回の next() で全7種類のテトリミノが1回ずつ出ること","ユニットテスト","Mon Feb 16 06:05:28 UTC 2026","passed","Mon Feb 16 06:05:28 UTC 2026","","Client","",""
"","0","現在のピースがない場合に getGhostRow が null を返すこと","ユニットテスト","Mon Feb 16 06:05:24 UTC 2026","passed","Mon Feb 16 06:05:24 UTC 2026","","Client","",""
"","3","sendCreateRoom が正しいイベントとペイロードで送信すること","ユニットテスト","Mon Feb 16 06:05:24 UTC 2026","passed","Mon Feb 16 06:05:24 UTC 2026","","Client","",""
"","2","defines shapes for all 7 tetromino types","ユニットテスト","Mon Feb 16 06:05:30 UTC 2026","passed","Mon Feb 16 06:05:30 UTC 2026","","Client","",""
"","1","""z"" (rotateCCW) fires only once per press","ユニットテスト","Mon Feb 16 06:05:24 UTC 2026","passed","Mon Feb 16 06:05:24 UTC 2026","","Client","",""
"","2","ルーム内にプレイヤーが見つからない場合に disconnect が呼ばれないこと","ユニットテスト","Mon Feb 16 06:05:34 UTC 2026","passed","Mon Feb 16 06:05:34 UTC 2026","","Server","",""
"","4298","両プレイヤーに相手フィールドCanvasが表示されること","chromium","Mon Feb 16 06:07:08 UTC 2026","passed","Mon Feb 16 06:07:12 UTC 2026","対戦相手表示","battle-opponent.spec.ts","",""
"","0","空文字が拒否されること","ユニットテスト","Mon Feb 16 06:05:34 UTC 2026","passed","Mon Feb 16 06:05:34 UTC 2026","","Server","",""
"","35308","対戦中にブラウザを閉じると相手がWINになること","E2Eテスト","Mon Feb 16 06:12:21 UTC 2026","passed","Mon Feb 16 06:12:56 UTC 2026","切断テスト（拡張）","disconnect-battle.spec.ts","",""
"","1","ReceiveGarbage イベントでハンドラが呼ばれること","ユニットテスト","Mon Feb 16 06:05:24 UTC 2026","passed","Mon Feb 16 06:05:24 UTC 2026","","Client","",""
"","0","不正な状態遷移が拒否されること (Waiting → Finished)","ユニットテスト","Mon Feb 16 06:05:33 UTC 2026","passed","Mon Feb 16 06:05:33 UTC 2026","","Server","",""
"","1","LinesCleared(2) で相手に1おじゃまが送られること","ユニットテスト","Mon Feb 16 06:05:33 UTC 2026","passed","Mon Feb 16 06:05:33 UTC 2026","","Server","",""
"","18","onReceiveGarbage で engineRef.current にもガーベジが追加されること","ユニットテスト","Mon Feb 16 06:05:26 UTC 2026","passed","Mon Feb 16 06:05:26 UTC 2026","","Client","",""
"","1","接続状態が Connected でない場合に invoke が何もしないこと","ユニットテスト","Mon Feb 16 06:05:24 UTC 2026","passed","Mon Feb 16 06:05:24 UTC 2026","","Client","",""
"","0","不正な状態遷移が拒否されること (Ready → Ready)","ユニットテスト","Mon Feb 16 06:05:33 UTC 2026","passed","Mon Feb 16 06:05:33 UTC 2026","","Server","",""
"","0","getPlayer で connectionId からプレイヤーを取得できること","ユニットテスト","Mon Feb 16 06:05:33 UTC 2026","passed","Mon Feb 16 06:05:33 UTC 2026","","Server","",""
"","0","pressedKeys にマップ外のキーがある場合 poll でスキップされること","ユニットテスト","Mon Feb 16 06:05:24 UTC 2026","passed","Mon Feb 16 06:05:24 UTC 2026","","Client","",""
"","1","disconnect() で stop() が失敗してもエラーにならないこと","ユニットテスト","Mon Feb 16 06:05:24 UTC 2026","passed","Mon Feb 16 06:05:24 UTC 2026","","Client","",""
"","7326","E-2: ランダムマッチ対戦後 → ルーム作成で次の対戦","E2Eテスト","Mon Feb 16 06:15:22 UTC 2026","passed","Mon Feb 16 06:15:29 UTC 2026","ルーム↔ランダムマッチ横断","cross-match.spec.ts","",""
"","0","connectionId からルームを逆引きできること","ユニットテスト","Mon Feb 16 06:05:34 UTC 2026","passed","Mon Feb 16 06:05:34 UTC 2026","","Server","",""
"","1","タイムアウトのコールバックが未設定の場合でもエラーにならないこと","ユニットテスト","Mon Feb 16 06:05:33 UTC 2026","passed","Mon Feb 16 06:05:33 UTC 2026","","Server","",""
"","0","matches spec: 1→0, 2→1, 3→2, 4→4","ユニットテスト","Mon Feb 16 06:05:22 UTC 2026","passed","Mon Feb 16 06:05:22 UTC 2026","","Shared","",""
"","1","両方のキーを離すと DAS が停止すること","ユニットテスト","Mon Feb 16 06:05:24 UTC 2026","passed","Mon Feb 16 06:05:24 UTC 2026","","Client","",""
"","1","タイムアウトで winner が正しく設定されること","ユニットテスト","Mon Feb 16 06:05:33 UTC 2026","passed","Mon Feb 16 06:05:33 UTC 2026","","Server","",""
"","5120","回転操作後にハードドロップでスコアが増加すること","E2Eテスト","Mon Feb 16 06:06:52 UTC 2026","passed","Mon Feb 16 06:06:57 UTC 2026","対戦 — 操作テスト","battle-controls.spec.ts","",""
"","1","おじゃまブロック (value=8) が描画されること","ユニットテスト","Mon Feb 16 06:05:25 UTC 2026","passed","Mon Feb 16 06:05:25 UTC 2026","","Client","",""
"","1","Security Posture: 1 finding(s) across 1 tool(s)","Security Dashboard","Mon Feb 16 06:16:11 UTC 2026","failed","Mon Feb 16 06:16:11 UTC 2026","","Overview","",""
"","1","セッションが終了済みの場合は何もしないこと","ユニットテスト","Mon Feb 16 06:05:33 UTC 2026","passed","Mon Feb 16 06:05:33 UTC 2026","","Server","",""
"","0","pressing ""Shift"" returns hold","ユニットテスト","Mon Feb 16 06:05:24 UTC 2026","passed","Mon Feb 16 06:05:24 UTC 2026","","Client","",""
"","1","壁際でウォールキックが発動すること","ユニットテスト","Mon Feb 16 06:05:24 UTC 2026","passed","Mon Feb 16 06:05:24 UTC 2026","","Client","",""
"","0","min length is 1, max length is 16","ユニットテスト","Mon Feb 16 06:05:22 UTC 2026","passed","Mon Feb 16 06:05:22 UTC 2026","","Shared","",""
"","1","BothReady イベントでハンドラが呼ばれること","ユニットテスト","Mon Feb 16 06:05:24 UTC 2026","passed","Mon Feb 16 06:05:24 UTC 2026","","Client","",""
"","81","トップへ戻るボタンでナビゲートされること","ユニットテスト","Mon Feb 16 06:05:29 UTC 2026","passed","Mon Feb 16 06:05:30 UTC 2026","","Client","",""
"","0","getOpponent で存在しない connectionId を指定した場合に null を返すこと","ユニットテスト","Mon Feb 16 06:05:33 UTC 2026","passed","Mon Feb 16 06:05:33 UTC 2026","","Server","",""
"","2","プレイヤーが不足している場合にエラーが発生すること (player1 が null)","ユニットテスト","Mon Feb 16 06:05:33 UTC 2026","passed","Mon Feb 16 06:05:33 UTC 2026","","Server","",""
"","12","OpponentDisconnected でカウントダウンとReadyがリセットされること","ユニットテスト","Mon Feb 16 06:05:28 UTC 2026","passed","Mon Feb 16 06:05:28 UTC 2026","","Client","",""
"","1","Low Risk: 3","OWASP ZAP","Mon Feb 16 06:07:16 UTC 2026","passed","Mon Feb 16 06:07:16 UTC 2026","","By Risk Level","",""
"","1135","BD-1: ランダムマッチ → ロビーで相手がブラウザを閉じる → 待機状態に戻る","E2Eテスト","Mon Feb 16 06:14:16 UTC 2026","passed","Mon Feb 16 06:14:17 UTC 2026","ランダムマッチ 切断テスト","random-match-disconnect.spec.ts","",""
"","0","CCW回転で0>3の壁キックデータが使用されること","ユニットテスト","Mon Feb 16 06:05:24 UTC 2026","passed","Mon Feb 16 06:05:24 UTC 2026","","Client","",""
"","0","player1 が null で player2 もある場合に isFull が false であること","ユニットテスト","Mon Feb 16 06:05:33 UTC 2026","passed","Mon Feb 16 06:05:33 UTC 2026","","Server","",""
